timestamp,util_gpu_pct,mem_used_mib,power_w,sm_clock_mhz
2026/09/29 08:10:57.544, 100, 61136, 818.72, 1800
2026/09/29 08:10:58.544, 100, 61136, 946.73, 1905
2026/09/29 08:10:59.544, 100, 61136, 504.11, 1920
2026/09/29 08:11:00.545, 100, 61136, 864.45, 1890
2026/09/29 08:11:01.545, 3, 61136, 706.38, 1965
2026/09/29 08:11:02.545, 100, 61136, 731.93, 1920
2026/09/29 08:11:03.546, 0, 56624, 395.29, 1965
2026/09/29 08:11:04.546, 0, 56624, 217.79, 1965
2026/09/29 08:11:05.547, 0, 56624, 216.40, 1965
2026/09/29 08:11:06.551, 0, 56624, 216.01, 1965
2026/09/29 08:11:07.552, 0, 56624, 215.25, 1965
2026/09/29 08:11:08.552, 0, 56624, 214.75, 1965
2026/09/29 08:11:09.552, 100, 81168, 518.01, 1957
2026/09/29 08:11:10.553, 100, 81168, 774.05, 1732
2026/09/29 08:11:11.553, 100, 81168, 789.92, 1837
2026/09/29 08:11:12.556, 100, 81168, 797.57, 1965
2026/09/29 08:11:13.556, 100, 81168, 790.81, 1875
2026/09/29 08:11:14.556, 100, 81168, 762.37, 1695
2026/09/29 08:11:15.557, 100, 81168, 774.45, 1920
2026/09/29 08:11:16.557, 100, 81168, 781.42, 1957
2026/09/29 08:11:17.557, 1, 82000, 634.09, 1965
2026/09/29 08:11:18.558, 100, 82000, 800.11, 1867
2026/09/29 08:11:19.558, 100, 82000, 781.16, 1897
2026/09/29 08:11:20.558, 100, 82000, 772.92, 1860
2026/09/29 08:11:21.559, 100, 82000, 771.27, 1942
2026/09/29 08:11:22.559, 100, 82000, 785.83, 1867
2026/09/29 08:11:23.563, 100, 82000, 777.44, 1695
2026/09/29 08:11:24.563, 100, 82000, 775.79, 1852
2026/09/29 08:11:25.563, 100, 82000, 754.62, 1935
2026/09/29 08:11:26.563, 100, 82032, 755.06, 1957
2026/09/29 08:11:27.564, 100, 82032, 801.60, 1890
2026/09/29 08:11:28.564, 100, 82032, 772.19, 1845
2026/09/29 08:11:29.564, 100, 82032, 773.70, 1950
2026/09/29 08:11:30.565, 100, 82032, 775.85, 1965
2026/09/29 08:11:31.565, 100, 82032, 786.47, 1890
2026/09/29 08:11:32.565, 100, 82032, 775.75, 1740
2026/09/29 08:11:33.565, 100, 82032, 794.68, 1717
2026/09/29 08:11:34.571, 100, 84432, 684.78, 1935
2026/09/29 08:11:35.571, 100, 84432, 779.61, 1717
2026/09/29 08:11:36.572, 100, 84432, 778.05, 1830
2026/09/29 08:11:37.572, 100, 84432, 775.83, 1950
2026/09/29 08:11:38.572, 100, 84432, 790.05, 1957
2026/09/29 08:11:39.574, 100, 84432, 776.64, 1740
2026/09/29 08:11:40.574, 100, 84432, 774.93, 1897
2026/09/29 08:11:41.574, 100, 84432, 782.72, 1920
2026/09/29 08:11:42.575, 100, 58896, 774.74, 1792
2026/09/29 08:11:43.575, 100, 60752, 950.13, 1927
2026/09/29 08:11:44.575, 0, 61136, 552.80, 1965
2026/09/29 08:11:45.579, 100, 61136, 736.39, 1852
2026/09/29 08:11:46.580, 100, 61136, 953.43, 1815
2026/09/29 08:11:47.580, 94, 61136, 530.33, 1905
2026/09/29 08:11:48.580, 100, 61136, 958.44, 1845
2026/09/29 08:11:49.581, 0, 61136, 664.23, 1965
2026/09/29 08:11:50.583, 100, 61136, 800.61, 1845
2026/09/29 08:11:51.584, 0, 56624, 328.24, 1965
2026/09/29 08:11:52.584, 0, 56624, 217.62, 1965
2026/09/29 08:11:53.585, 0, 56624, 216.15, 1965
2026/09/29 08:11:54.585, 0, 56624, 215.45, 1965
2026/09/29 08:11:55.585, 0, 56624, 215.36, 1965
2026/09/29 08:11:56.588, 100, 81168, 538.79, 1935
2026/09/29 08:11:57.589, 100, 81168, 767.92, 1927
2026/09/29 08:11:58.589, 100, 81168, 782.85, 1957
2026/09/29 08:11:59.589, 100, 81168, 793.38, 1905
2026/09/29 08:12:00.589, 100, 81168, 767.86, 1912
2026/09/29 08:12:01.590, 100, 81168, 770.16, 1845
2026/09/29 08:12:02.590, 100, 81168, 771.24, 1957
2026/09/29 08:12:03.590, 100, 81168, 785.78, 1965
2026/09/29 08:12:04.591, 100, 82000, 738.19, 1957
2026/09/29 08:12:05.591, 100, 82000, 778.78, 1882
2026/09/29 08:12:06.591, 100, 82000, 782.24, 1845
2026/09/29 08:12:07.593, 100, 82000, 778.79, 1957
2026/09/29 08:12:08.593, 100, 82000, 786.29, 1965
2026/09/29 08:12:09.593, 100, 82000, 777.79, 1897
2026/09/29 08:12:10.593, 100, 82000, 768.90, 1920
2026/09/29 08:12:11.594, 100, 82000, 777.01, 1950
2026/09/29 08:12:12.594, 15, 82032, 717.93, 1965
2026/09/29 08:12:13.594, 100, 82032, 793.67, 1950
2026/09/29 08:12:14.595, 100, 82032, 787.83, 1920
2026/09/29 08:12:15.595, 100, 82032, 773.69, 1830
2026/09/29 08:12:16.595, 100, 82032, 771.95, 1935
2026/09/29 08:12:17.595, 100, 82032, 778.35, 1957
2026/09/29 08:12:18.596, 100, 82032, 784.50, 1965
2026/09/29 08:12:19.596, 100, 82032, 768.51, 1845
2026/09/29 08:12:20.597, 100, 82032, 781.16, 1807
2026/09/29 08:12:21.602, 100, 84432, 723.90, 1822
2026/09/29 08:12:22.603, 100, 84432, 780.86, 1950
2026/09/29 08:12:23.603, 100, 84432, 784.33, 1965
2026/09/29 08:12:24.603, 100, 84432, 778.33, 1717
2026/09/29 08:12:25.604, 100, 84432, 769.46, 1852
2026/09/29 08:12:26.604, 100, 84432, 775.63, 1950
2026/09/29 08:12:27.604, 100, 84432, 790.98, 1965
2026/09/29 08:12:28.604, 100, 84432, 796.39, 1965
2026/09/29 08:12:29.611, 100, 59120, 715.71, 1807
2026/09/29 08:12:30.611, 100, 60752, 950.03, 1875
2026/09/29 08:12:31.614, 0, 61136, 490.80, 1965
2026/09/29 08:12:32.615, 100, 61136, 872.75, 1852
2026/09/29 08:12:33.615, 100, 61136, 916.92, 1957
2026/09/29 08:12:34.615, 100, 61136, 621.34, 1875
2026/09/29 08:12:35.616, 100, 61136, 947.11, 1845
2026/09/29 08:12:36.616, 32, 61136, 607.81, 1822
2026/09/29 08:12:37.616, 13, 61200, 741.03, 1965
2026/09/29 08:12:38.617, 0, 56624, 220.42, 1965
2026/09/29 08:12:39.617, 0, 56624, 217.62, 1965
2026/09/29 08:12:40.618, 0, 56624, 216.40, 1965
2026/09/29 08:12:41.618, 0, 56624, 215.51, 1965
2026/09/29 08:12:42.619, 52, 61520, 364.67, 1965
2026/09/29 08:12:43.619, 8, 61552, 794.16, 1965
2026/09/29 08:12:44.619, 36, 61552, 783.19, 1965
2026/09/29 08:12:45.620, 96, 61552, 788.71, 1965
2026/09/29 08:12:46.620, 100, 57776, 832.08, 1965
2026/09/29 08:12:47.620, 100, 57872, 790.17, 1785
2026/09/29 08:12:48.620, 0, 56560, 562.95, 1965
2026/09/29 08:12:49.621, 100, 61520, 656.20, 1965
2026/09/29 08:12:50.621, 100, 61552, 777.96, 1965
2026/09/29 08:12:51.622, 100, 61552, 800.06, 1965
2026/09/29 08:12:52.622, 100, 61552, 781.67, 1965
2026/09/29 08:12:53.622, 86, 57776, 772.01, 1957
2026/09/29 08:12:54.622, 100, 57840, 862.73, 1845
2026/09/29 08:12:55.623, 1, 61520, 283.07, 1965
2026/09/29 08:12:56.623, 70, 61552, 801.14, 1965
2026/09/29 08:12:57.623, 100, 61552, 812.11, 1965
2026/09/29 08:12:58.624, 100, 61552, 827.74, 1965
2026/09/29 08:12:59.624, 100, 57712, 787.85, 1957
2026/09/29 08:13:00.625, 100, 57872, 720.95, 1942
2026/09/29 08:13:01.625, 0, 56560, 675.03, 1965
2026/09/29 08:13:02.628, 100, 61520, 531.11, 1965
2026/09/29 08:13:03.628, 100, 61552, 781.85, 1965
2026/09/29 08:13:04.629, 100, 61552, 774.92, 1965
2026/09/29 08:13:05.629, 100, 61552, 791.03, 1965
2026/09/29 08:13:06.629, 100, 57776, 812.17, 1875
2026/09/29 08:13:07.629, 100, 57840, 799.06, 1935
2026/09/29 08:13:08.630, 0, 56560, 445.88, 1965
2026/09/29 08:13:09.630, 100, 61520, 734.36, 1965
2026/09/29 08:13:10.630, 100, 61552, 783.92, 1965
2026/09/29 08:13:11.631, 100, 61552, 785.68, 1965
2026/09/29 08:13:12.631, 100, 61552, 785.74, 1965
2026/09/29 08:13:13.632, 0, 57872, 722.52, 1965
2026/09/29 08:13:14.633, 100, 56560, 901.06, 1950
2026/09/29 08:13:15.633, 0, 56560, 221.77, 1965
2026/09/29 08:13:16.633, 0, 56560, 217.58, 1965
2026/09/29 08:13:17.633, 0, 56560, 216.69, 1965
2026/09/29 08:13:18.634, 0, 61264, 218.91, 1965
2026/09/29 08:13:19.634, 100, 103312, 774.61, 1747
2026/09/29 08:13:20.634, 100, 107600, 780.70, 1957
2026/09/29 08:13:21.635, 100, 107600, 803.15, 1965
2026/09/29 08:13:22.635, 100, 107600, 806.15, 1777
2026/09/29 08:13:23.635, 100, 107600, 794.24, 1965
2026/09/29 08:13:24.639, 100, 107600, 826.19, 1965
2026/09/29 08:13:25.639, 100, 107600, 800.27, 1957
2026/09/29 08:13:26.639, 100, 107600, 805.64, 1965
2026/09/29 08:13:27.640, 100, 107600, 812.42, 1792
2026/09/29 08:13:28.640, 100, 107600, 787.94, 1965
2026/09/29 08:13:29.640, 100, 107600, 816.91, 1965
2026/09/29 08:13:30.641, 100, 107600, 793.28, 1957
2026/09/29 08:13:31.641, 100, 107600, 798.76, 1965
2026/09/29 08:13:32.641, 100, 107600, 801.06, 1507
2026/09/29 08:13:33.642, 100, 107600, 782.39, 1965
2026/09/29 08:13:34.642, 100, 107600, 798.62, 1965
2026/09/29 08:13:35.642, 100, 107600, 805.86, 1942
2026/09/29 08:13:36.642, 100, 107600, 797.05, 1965
2026/09/29 08:13:37.643, 100, 107600, 838.58, 1875
2026/09/29 08:13:38.643, 100, 107600, 803.16, 1965
2026/09/29 08:13:39.643, 100, 107600, 822.96, 1965
2026/09/29 08:13:40.644, 100, 107600, 737.95, 1965
2026/09/29 08:13:41.644, 100, 107600, 811.69, 1965
2026/09/29 08:13:42.644, 100, 107600, 815.50, 1897
2026/09/29 08:13:43.644, 100, 107600, 789.58, 1965
2026/09/29 08:13:44.645, 100, 107600, 829.15, 1965
2026/09/29 08:13:45.645, 100, 107600, 796.87, 1957
2026/09/29 08:13:46.645, 100, 107600, 809.70, 1965
2026/09/29 08:13:47.646, 100, 107600, 794.64, 1740
2026/09/29 08:13:48.646, 100, 107600, 790.95, 1965
2026/09/29 08:13:49.646, 100, 107600, 817.44, 1965
2026/09/29 08:13:50.647, 100, 107600, 795.34, 1950
2026/09/29 08:13:51.647, 100, 107600, 805.80, 1965
2026/09/29 08:13:52.647, 100, 107600, 801.91, 1552
2026/09/29 08:13:53.647, 100, 107600, 794.07, 1965
2026/09/29 08:13:54.648, 100, 107600, 828.17, 1965
2026/09/29 08:13:55.648, 100, 107600, 801.93, 1935
2026/09/29 08:13:56.648, 100, 107600, 807.23, 1965
2026/09/29 08:13:57.649, 100, 107600, 810.21, 1740
2026/09/29 08:13:58.649, 100, 107600, 799.13, 1965
2026/09/29 08:13:59.649, 100, 107600, 808.88, 1965
2026/09/29 08:14:00.649, 100, 107600, 845.22, 1380
2026/09/29 08:14:01.650, 100, 107600, 750.09, 1762
2026/09/29 08:14:02.650, 100, 107600, 808.61, 1965
2026/09/29 08:14:03.652, 100, 107600, 806.56, 1965
2026/09/29 08:14:04.652, 100, 107600, 826.30, 1852
2026/09/29 08:14:05.653, 100, 107600, 807.89, 1965
2026/09/29 08:14:06.653, 100, 107600, 832.16, 1965
2026/09/29 08:14:07.653, 100, 107600, 808.22, 1935
2026/09/29 08:14:08.653, 100, 107600, 827.96, 1965
2026/09/29 08:14:09.654, 100, 107600, 802.35, 1830
2026/09/29 08:14:10.654, 100, 107600, 804.13, 1965
2026/09/29 08:14:11.654, 100, 107600, 827.21, 1965
2026/09/29 08:14:12.655, 100, 107600, 799.95, 1935
2026/09/29 08:14:13.655, 100, 107600, 807.26, 1965
2026/09/29 08:14:14.661, 100, 107600, 826.91, 1687
2026/09/29 08:14:15.661, 100, 107600, 795.61, 1965
2026/09/29 08:14:16.662, 100, 107600, 812.68, 1965
2026/09/29 08:14:17.662, 100, 107600, 803.72, 1950
2026/09/29 08:14:18.662, 100, 107600, 807.04, 1965
2026/09/29 08:14:19.663, 100, 107600, 826.78, 1837
2026/09/29 08:14:20.663, 100, 107600, 807.69, 1965
2026/09/29 08:14:21.663, 100, 107600, 815.90, 1965
2026/09/29 08:14:22.663, 100, 107600, 753.25, 1965
2026/09/29 08:14:23.664, 100, 107600, 837.14, 1867
2026/09/29 08:14:24.664, 100, 107600, 811.05, 1957
2026/09/29 08:14:25.670, 100, 107600, 816.66, 1965
2026/09/29 08:14:26.670, 100, 107600, 812.56, 1485
2026/09/29 08:14:27.671, 100, 107600, 803.32, 1965
2026/09/29 08:14:28.671, 100, 107600, 831.72, 1800
2026/09/29 08:14:29.671, 100, 107600, 796.01, 1965
2026/09/29 08:14:30.672, 100, 107600, 819.44, 1965
2026/09/29 08:14:31.672, 100, 107600, 807.87, 1507
2026/09/29 08:14:32.672, 100, 107600, 796.75, 1965
2026/09/29 08:14:33.673, 100, 107600, 819.98, 1965
2026/09/29 08:14:34.673, 100, 107600, 790.19, 1950
2026/09/29 08:14:35.673, 100, 107600, 810.39, 1965
2026/09/29 08:14:36.673, 100, 107600, 818.92, 1845
2026/09/29 08:14:37.675, 100, 107600, 796.66, 1965
2026/09/29 08:14:38.676, 100, 107600, 815.36, 1965
2026/09/29 08:14:39.676, 100, 107600, 804.25, 1747
2026/09/29 08:14:40.676, 100, 107600, 816.66, 1965
2026/09/29 08:14:41.677, 100, 107600, 837.81, 1725
2026/09/29 08:14:42.677, 100, 107600, 813.62, 1950
2026/09/29 08:14:43.677, 29, 56880, 704.68, 1965
2026/09/29 08:14:44.677, 100, 60080, 891.93, 1942
2026/09/29 08:14:45.678, 100, 60912, 934.05, 1792
2026/09/29 08:14:46.678, 0, 60912, 338.89, 1852
2026/09/29 08:14:47.679, 99, 60912, 945.50, 1920
2026/09/29 08:14:48.679, 8, 60912, 752.30, 1965
2026/09/29 08:14:49.679, 100, 60912, 829.16, 1792
2026/09/29 08:14:50.680, 100, 60912, 951.15, 1845
2026/09/29 08:14:51.680, 100, 60912, 620.77, 1845
2026/09/29 08:14:52.681, 100, 60912, 954.93, 1867
2026/09/29 08:14:53.681, 0, 60912, 502.12, 1965
2026/09/29 08:14:54.682, 100, 60912, 954.36, 1830
2026/09/29 08:14:55.682, 99, 60976, 847.74, 1965
2026/09/29 08:14:56.682, 100, 60976, 584.84, 1852
2026/09/29 08:14:57.682, 100, 61104, 878.97, 1845
2026/09/29 08:14:58.683, 0, 61104, 585.21, 1965
2026/09/29 08:14:59.683, 100, 61104, 918.34, 1890
2026/09/29 08:15:00.683, 100, 61104, 888.95, 1957
2026/09/29 08:15:01.684, 0, 56688, 224.13, 1965
2026/09/29 08:15:02.685, 0, 56688, 220.17, 1965
2026/09/29 08:15:03.689, 0, 56688, 218.70, 1965
2026/09/29 08:15:04.690, 0, 56688, 217.71, 1965
2026/09/29 08:15:05.690, 0, 56688, 217.06, 1965
2026/09/29 08:15:06.690, 0, 56688, 216.18, 1965
2026/09/29 08:15:07.691, 0, 56688, 215.93, 1965
2026/09/29 08:15:08.691, 0, 56688, 215.27, 1965
2026/09/29 08:15:09.693, 0, 56688, 214.71, 1965
2026/09/29 08:15:10.694, 0, 56688, 213.21, 1965
2026/09/29 08:15:12.603, 0, 0, 213.59, 1965
2026/09/29 08:15:13.662, 0, 4, 215.15, 1965
2026/09/29 08:15:14.668, 0, 28, 212.80, 1965
2026/09/29 08:15:15.672, 0, 0, 212.10, 1965
2026/09/29 08:15:16.673, 0, 0, 189.20, 1132
2026/09/29 08:15:17.674, 0, 0, 157.49, 645
2026/09/29 08:15:18.674, 0, 4, 155.96, 877
2026/09/29 08:15:19.676, 0, 0, 204.61, 1965
2026/09/29 08:15:20.676, 0, 4, 210.73, 1965
2026/09/29 08:15:21.683, 0, 796, 210.26, 1965
2026/09/29 08:15:22.683, 40, 14748, 213.62, 1965
2026/09/29 08:15:23.684, 0, 24060, 212.26, 1965
2026/09/29 08:15:24.684, 0, 24060, 209.33, 1965
2026/09/29 08:15:25.684, 0, 24060, 209.33, 1965
2026/09/29 08:15:26.689, 0, 24060, 208.90, 1965
2026/09/29 08:15:27.690, 0, 24060, 208.90, 1965
2026/09/29 08:15:28.690, 0, 24060, 208.42, 1965
2026/09/29 08:15:29.690, 0, 24060, 208.33, 1965
2026/09/29 08:15:30.691, 0, 24060, 208.12, 1965
2026/09/29 08:15:31.691, 0, 24060, 208.03, 1965
2026/09/29 08:15:32.691, 0, 24060, 207.75, 1965
2026/09/29 08:15:33.692, 0, 24060, 207.63, 1965
2026/09/29 08:15:34.692, 0, 24060, 207.65, 1965
2026/09/29 08:15:35.692, 0, 24060, 207.36, 1965
2026/09/29 08:15:36.692, 0, 24060, 207.22, 1965
2026/09/29 08:15:37.693, 0, 24060, 207.06, 1965
2026/09/29 08:15:38.693, 0, 24060, 207.01, 1965
2026/09/29 08:15:39.694, 0, 24060, 206.77, 1965
2026/09/29 08:15:40.694, 0, 24060, 206.78, 1965
2026/09/29 08:15:41.694, 19, 27836, 222.81, 1965
2026/09/29 08:15:42.695, 61, 27868, 279.20, 1965
2026/09/29 08:15:43.695, 39, 27868, 272.42, 1965
2026/09/29 08:15:44.695, 74, 32188, 279.10, 1965
2026/09/29 08:15:45.696, 69, 40924, 332.65, 1965
2026/09/29 08:15:46.696, 20, 45916, 280.76, 1965
2026/09/29 08:15:47.696, 13, 47996, 233.27, 1965
2026/09/29 08:15:48.697, 0, 49564, 220.00, 1965
2026/09/29 08:15:49.698, 0, 49564, 206.13, 1965
2026/09/29 08:15:50.698, 0, 49564, 205.78, 1965
2026/09/29 08:15:51.698, 1, 49628, 205.17, 1965
2026/09/29 08:15:52.698, 2, 50140, 204.53, 1965
2026/09/29 08:15:53.699, 1, 50716, 204.31, 1965
2026/09/29 08:15:54.699, 0, 51292, 204.13, 1965
2026/09/29 08:15:55.699, 2, 51804, 203.96, 1965
2026/09/29 08:15:56.699, 2, 52252, 203.79, 1965
2026/09/29 08:15:57.700, 1, 52796, 203.59, 1965
2026/09/29 08:15:58.700, 0, 53084, 203.87, 1965
2026/09/29 08:15:59.701, 0, 53212, 203.67, 1965
2026/09/29 08:16:00.702, 7, 54876, 206.88, 1965
2026/09/29 08:16:01.702, 6, 54908, 216.03, 1965
2026/09/29 08:16:02.702, 100, 54942, 318.29, 1965
2026/09/29 08:16:03.703, 2, 54948, 267.26, 1965
2026/09/29 08:16:04.703, 100, 60230, 910.44, 1755
2026/09/29 08:16:05.703, 100, 60230, 976.26, 1732
2026/09/29 08:16:06.703, 100, 60230, 977.42, 1732
2026/09/29 08:16:07.705, 100, 60294, 814.89, 1965
2026/09/29 08:16:08.705, 100, 60294, 840.89, 1965
2026/09/29 08:16:09.706, 100, 60294, 841.76, 1965
2026/09/29 08:16:10.707, 97, 60294, 840.99, 1837
2026/09/29 08:16:11.707, 100, 60838, 790.30, 1965
2026/09/29 08:16:12.707, 100, 60838, 862.30, 1912
2026/09/29 08:16:13.707, 100, 60838, 850.26, 1965
2026/09/29 08:16:14.708, 100, 60838, 796.54, 1950
2026/09/29 08:16:15.708, 100, 60838, 865.12, 1912
2026/09/29 08:16:16.708, 100, 60838, 853.85, 1957
2026/09/29 08:16:17.709, 100, 55916, 729.52, 1935
2026/09/29 08:16:18.709, 29, 55916, 656.69, 1965
2026/09/29 08:16:19.709, 100, 55916, 915.12, 1965
2026/09/29 08:16:20.709, 100, 55980, 958.88, 1935
2026/09/29 08:16:21.710, 0, 53452, 365.71, 1965
2026/09/29 08:16:22.710, 100, 59854, 732.61, 1755
2026/09/29 08:16:23.711, 100, 59854, 960.68, 1770
2026/09/29 08:16:24.711, 100, 59854, 968.08, 1702
2026/09/29 08:16:25.711, 100, 59854, 831.53, 1942
2026/09/29 08:16:26.711, 100, 60398, 847.67, 1867
2026/09/29 08:16:27.712, 100, 60398, 840.05, 1965
2026/09/29 08:16:28.712, 100, 60398, 804.87, 1942
2026/09/29 08:16:29.712, 100, 60462, 853.63, 1957
2026/09/29 08:16:30.713, 100, 60462, 857.14, 1950
2026/09/29 08:16:31.713, 100, 60462, 811.23, 1950
2026/09/29 08:16:32.714, 100, 60462, 845.82, 1935
2026/09/29 08:16:33.714, 100, 55118, 837.71, 1890
2026/09/29 08:16:34.714, 0, 55918, 671.52, 1965
2026/09/29 08:16:35.715, 100, 55918, 958.48, 1860
2026/09/29 08:16:36.715, 100, 55918, 956.99, 1935
2026/09/29 08:16:37.716, 0, 53390, 345.38, 1965
2026/09/29 08:16:38.716, 0, 53390, 215.57, 1965
2026/09/29 08:16:39.716, 0, 53390, 214.41, 1965
2026/09/29 08:16:40.716, 100, 60078, 515.67, 1755
2026/09/29 08:16:41.717, 100, 60078, 958.93, 1755
2026/09/29 08:16:42.717, 100, 60078, 973.97, 1755
2026/09/29 08:16:43.717, 100, 60078, 855.01, 1935
2026/09/29 08:16:44.718, 100, 60398, 851.10, 1950
2026/09/29 08:16:45.718, 100, 60398, 851.60, 1965
2026/09/29 08:16:46.718, 100, 60398, 819.52, 1942
2026/09/29 08:16:47.718, 100, 60430, 863.97, 1965
2026/09/29 08:16:48.719, 100, 60430, 856.16, 1897
2026/09/29 08:16:49.719, 100, 60430, 813.75, 1965
2026/09/29 08:16:50.719, 100, 60430, 866.77, 1965
2026/09/29 08:16:51.720, 75, 54798, 810.35, 1965
2026/09/29 08:16:52.720, 0, 55982, 831.59, 1965
2026/09/29 08:16:53.720, 100, 55982, 811.74, 1935
2026/09/29 08:16:54.721, 99, 55982, 952.50, 1867
2026/09/29 08:16:55.721, 0, 53422, 480.54, 1965
2026/09/29 08:16:56.722, 0, 53422, 217.20, 1965
2026/09/29 08:16:57.722, 0, 53422, 215.60, 1965
2026/09/29 08:16:58.722, 0, 53422, 214.89, 1965
2026/09/29 08:16:59.723, 100, 59374, 545.31, 1740
2026/09/29 08:17:00.723, 100, 59374, 957.02, 1740
2026/09/29 08:17:01.723, 100, 59374, 946.45, 1740
2026/09/29 08:17:02.724, 100, 59374, 871.47, 1957
2026/09/29 08:17:03.724, 100, 60398, 861.52, 1935
2026/09/29 08:17:04.724, 100, 60398, 846.58, 1957
2026/09/29 08:17:05.725, 100, 60398, 798.85, 1920
2026/09/29 08:17:06.725, 100, 60430, 866.57, 1942
2026/09/29 08:17:07.726, 100, 60430, 860.57, 1957
2026/09/29 08:17:08.726, 100, 60430, 806.24, 1965
2026/09/29 08:17:09.726, 100, 60430, 850.82, 1845
2026/09/29 08:17:10.727, 86, 54766, 820.30, 1965
2026/09/29 08:17:11.727, 0, 55918, 812.41, 1965
2026/09/29 08:17:12.727, 100, 55918, 810.17, 1905
2026/09/29 08:17:13.728, 100, 55918, 910.25, 1897
2026/09/29 08:17:14.728, 0, 53422, 558.23, 1965
2026/09/29 08:17:15.728, 0, 53422, 219.19, 1965
2026/09/29 08:17:16.729, 0, 53422, 216.92, 1965
2026/09/29 08:17:17.729, 100, 59374, 583.02, 1747
2026/09/29 08:17:18.730, 100, 59374, 957.90, 1672
2026/09/29 08:17:19.730, 100, 59374, 950.83, 1725
2026/09/29 08:17:20.730, 100, 59374, 873.69, 1965
2026/09/29 08:17:21.730, 100, 60398, 863.73, 1950
2026/09/29 08:17:22.731, 100, 60398, 844.21, 1942
2026/09/29 08:17:23.731, 100, 60398, 800.96, 1965
2026/09/29 08:17:24.731, 100, 60430, 862.10, 1920
2026/09/29 08:17:25.732, 100, 60430, 864.44, 1965
2026/09/29 08:17:26.732, 100, 60430, 828.48, 1957
2026/09/29 08:17:27.732, 100, 60430, 856.77, 1965
2026/09/29 08:17:28.732, 83, 54990, 821.36, 1897
2026/09/29 08:17:29.733, 0, 55982, 784.56, 1965
2026/09/29 08:17:30.733, 100, 55982, 841.45, 1882
2026/09/29 08:17:31.733, 100, 55982, 959.46, 1890
2026/09/29 08:17:32.734, 0, 53422, 450.16, 1965
2026/09/29 08:17:33.734, 0, 53422, 219.28, 1965
2026/09/29 08:17:34.734, 0, 53422, 217.73, 1965
2026/09/29 08:17:35.735, 10, 62318, 248.98, 1965
2026/09/29 08:17:36.735, 100, 63342, 1000.21, 1695
2026/09/29 08:17:37.735, 100, 63342, 981.72, 1732
2026/09/29 08:17:38.736, 100, 63342, 984.43, 1695
2026/09/29 08:17:39.736, 100, 63342, 980.07, 1672
2026/09/29 08:17:40.736, 100, 63342, 975.54, 1695
2026/09/29 08:17:41.736, 100, 63342, 975.70, 1695
2026/09/29 08:17:42.737, 100, 63342, 980.92, 1695
2026/09/29 08:17:43.737, 100, 63342, 979.95, 1725
2026/09/29 08:17:44.737, 100, 63342, 978.44, 1770
2026/09/29 08:17:45.738, 61, 66478, 908.35, 1717
2026/09/29 08:17:46.738, 100, 66478, 872.12, 1957
2026/09/29 08:17:47.738, 100, 66478, 830.98, 1890
2026/09/29 08:17:48.738, 100, 66478, 835.09, 1965
2026/09/29 08:17:49.739, 100, 66478, 823.67, 1950
2026/09/29 08:17:50.739, 100, 66478, 834.85, 1965
2026/09/29 08:17:51.739, 100, 66478, 833.61, 1965
2026/09/29 08:17:52.739, 100, 66478, 828.78, 1965
2026/09/29 08:17:53.740, 100, 66478, 826.13, 1965
2026/09/29 08:17:54.740, 100, 66478, 822.33, 1950
2026/09/29 08:17:55.740, 100, 66510, 835.79, 1897
2026/09/29 08:17:56.741, 100, 66510, 839.91, 1965
2026/09/29 08:17:57.741, 100, 66510, 837.12, 1957
2026/09/29 08:17:58.741, 100, 66510, 834.34, 1965
2026/09/29 08:17:59.741, 100, 66510, 829.70, 1822
2026/09/29 08:18:00.742, 100, 66510, 829.82, 1837
2026/09/29 08:18:01.742, 100, 66510, 817.67, 1965
2026/09/29 08:18:02.742, 100, 66510, 835.31, 1770
2026/09/29 08:18:03.743, 100, 66510, 830.74, 1950
2026/09/29 08:18:04.753, 100, 66510, 842.33, 1905
2026/09/29 08:18:05.754, 100, 66510, 848.69, 1965
2026/09/29 08:18:06.754, 100, 66510, 837.09, 1740
2026/09/29 08:18:07.754, 100, 66510, 829.60, 1965
2026/09/29 08:18:08.755, 100, 66510, 835.87, 1950
2026/09/29 08:18:09.755, 100, 66510, 833.08, 1950
2026/09/29 08:18:10.755, 100, 55726, 738.49, 1867
2026/09/29 08:18:11.756, 100, 57006, 947.27, 1755
2026/09/29 08:18:12.756, 0, 57006, 483.54, 1965
2026/09/29 08:18:13.756, 100, 57454, 920.60, 1860
2026/09/29 08:18:14.756, 73, 57454, 890.85, 1965
2026/09/29 08:18:15.757, 100, 57454, 691.67, 1920
2026/09/29 08:18:16.757, 100, 57486, 956.87, 1860
2026/09/29 08:18:17.757, 100, 58030, 658.71, 1815
2026/09/29 08:18:18.757, 0, 58030, 635.66, 1965
2026/09/29 08:18:19.758, 0, 53486, 222.66, 1965
2026/09/29 08:18:20.758, 0, 53486, 220.24, 1965
2026/09/29 08:18:21.758, 0, 53486, 218.60, 1965
2026/09/29 08:18:22.759, 0, 53486, 217.92, 1965
2026/09/29 08:18:23.759, 50, 63342, 302.55, 1732
2026/09/29 08:18:24.759, 100, 63342, 991.87, 1695
2026/09/29 08:18:25.760, 100, 63342, 983.49, 1672
2026/09/29 08:18:26.760, 100, 63342, 980.43, 1695
2026/09/29 08:18:27.760, 100, 63342, 971.10, 1702
2026/09/29 08:18:28.761, 100, 63342, 978.04, 1710
2026/09/29 08:18:29.761, 100, 63342, 973.72, 1740
2026/09/29 08:18:30.761, 100, 63342, 974.86, 1762
2026/09/29 08:18:31.761, 100, 63342, 979.95, 1785
2026/09/29 08:18:32.762, 100, 63342, 978.44, 1672
2026/09/29 08:18:33.762, 91, 66478, 890.50, 1732
2026/09/29 08:18:34.762, 100, 66478, 876.49, 1965
2026/09/29 08:18:35.763, 100, 66478, 838.65, 1965
2026/09/29 08:18:36.763, 100, 66478, 834.89, 1777
2026/09/29 08:18:37.763, 100, 66478, 836.74, 1965
2026/09/29 08:18:38.763, 100, 66478, 835.43, 1965
2026/09/29 08:18:39.764, 100, 66478, 826.83, 1950
2026/09/29 08:18:40.764, 100, 66478, 827.54, 1965
2026/09/29 08:18:41.764, 100, 66478, 832.07, 1942
2026/09/29 08:18:42.764, 100, 66478, 831.19, 1965
2026/09/29 08:18:43.765, 100, 66510, 777.06, 1965
2026/09/29 08:18:44.765, 100, 66510, 830.42, 1957
2026/09/29 08:18:45.765, 100, 66510, 826.80, 1822
2026/09/29 08:18:46.765, 100, 66510, 841.83, 1957
2026/09/29 08:18:47.766, 100, 66510, 830.64, 1957
2026/09/29 08:18:48.766, 100, 66510, 839.61, 1965
2026/09/29 08:18:49.766, 100, 66510, 828.15, 1942
2026/09/29 08:18:50.767, 100, 66510, 832.97, 1965
2026/09/29 08:18:51.767, 100, 66510, 845.30, 1965
2026/09/29 08:18:52.767, 100, 66510, 833.76, 1957
2026/09/29 08:18:53.767, 100, 66510, 835.91, 1822
2026/09/29 08:18:54.768, 100, 66510, 840.46, 1965
2026/09/29 08:18:55.769, 100, 66510, 843.90, 1965
2026/09/29 08:18:56.769, 100, 66510, 829.21, 1965
2026/09/29 08:18:57.769, 100, 66510, 844.45, 1875
2026/09/29 08:18:58.769, 100, 55918, 846.16, 1927
2026/09/29 08:18:59.770, 100, 56974, 948.16, 1905
2026/09/29 08:19:00.770, 0, 56974, 415.73, 1965
2026/09/29 08:19:01.770, 99, 57486, 959.25, 1852
2026/09/29 08:19:02.771, 10, 57486, 828.01, 1965
2026/09/29 08:19:03.771, 100, 57486, 704.91, 1762
2026/09/29 08:19:04.771, 100, 57486, 951.37, 1897
2026/09/29 08:19:05.772, 100, 57614, 529.73, 1935
2026/09/29 08:19:06.773, 4, 57614, 760.73, 1965
2026/09/29 08:19:07.773, 0, 53486, 223.67, 1965
2026/09/29 08:19:08.773, 0, 53486, 220.39, 1965
2026/09/29 08:19:09.773, 0, 53486, 218.96, 1965
2026/09/29 08:19:10.774, 0, 53486, 218.63, 1965
2026/09/29 08:19:11.774, 100, 63310, 482.72, 1740
2026/09/29 08:19:12.774, 100, 63310, 984.01, 1695
2026/09/29 08:19:13.775, 100, 63310, 975.43, 1695
2026/09/29 08:19:14.775, 100, 63310, 974.20, 1695
2026/09/29 08:19:15.775, 100, 63310, 976.75, 1695
2026/09/29 08:19:16.777, 100, 63310, 978.39, 1762
2026/09/29 08:19:17.777, 100, 63310, 978.16, 1777
2026/09/29 08:19:18.777, 100, 63310, 976.17, 1650
2026/09/29 08:19:19.778, 100, 63310, 988.70, 1695
2026/09/29 08:19:20.778, 100, 63310, 979.91, 1695
2026/09/29 08:19:21.778, 100, 66478, 829.88, 1740
2026/09/29 08:19:22.779, 100, 66478, 839.48, 1965
2026/09/29 08:19:23.779, 100, 66478, 835.02, 1935
2026/09/29 08:19:24.779, 100, 66478, 831.07, 1965
2026/09/29 08:19:25.779, 100, 66478, 829.16, 1897
2026/09/29 08:19:26.788, 100, 66478, 834.28, 1965
2026/09/29 08:19:27.789, 100, 66478, 831.64, 1965
2026/09/29 08:19:28.789, 100, 66478, 833.44, 1957
2026/09/29 08:19:29.789, 100, 66478, 827.84, 1837
2026/09/29 08:19:30.789, 71, 66510, 767.62, 1950
2026/09/29 08:19:31.790, 100, 66510, 872.07, 1957
2026/09/29 08:19:32.790, 100, 66510, 845.40, 1912
2026/09/29 08:19:33.790, 100, 66510, 842.80, 1965
2026/09/29 08:19:34.791, 100, 66510, 838.77, 1965
2026/09/29 08:19:35.791, 100, 66510, 828.82, 1935
2026/09/29 08:19:36.791, 100, 66510, 823.42, 1942
2026/09/29 08:19:37.794, 100, 66510, 834.59, 1965
2026/09/29 08:19:38.794, 100, 66510, 794.82, 1882
2026/09/29 08:19:39.795, 100, 66510, 867.33, 1965
2026/09/29 08:19:40.795, 100, 66510, 836.31, 1957
2026/09/29 08:19:41.795, 100, 66510, 842.53, 1777
2026/09/29 08:19:42.795, 100, 66510, 840.41, 1935
2026/09/29 08:19:43.796, 100, 66510, 831.05, 1950
2026/09/29 08:19:44.796, 100, 66510, 826.96, 1965
2026/09/29 08:19:45.796, 100, 55918, 827.36, 1807
2026/09/29 08:19:46.797, 100, 56590, 890.01, 1777
2026/09/29 08:19:47.797, 100, 57006, 944.29, 1852
2026/09/29 08:19:48.800, 100, 57006, 452.57, 1852
2026/09/29 08:19:49.804, 100, 57454, 952.27, 1860
2026/09/29 08:19:50.804, 4, 57454, 708.45, 1965
2026/09/29 08:19:51.805, 99, 57486, 954.72, 1935
2026/09/29 08:19:52.805, 7, 58030, 804.37, 1965
2026/09/29 08:19:53.816, 75, 58030, 755.15, 1845
2026/09/29 08:19:54.825, 2, 53486, 377.39, 1965
2026/09/29 08:19:55.826, 0, 53486, 220.53, 1965
2026/09/29 08:19:56.826, 0, 53486, 218.43, 1965
2026/09/29 08:19:57.826, 0, 53486, 217.68, 1965
2026/09/29 08:19:58.826, 0, 53486, 216.77, 1965
2026/09/29 08:19:59.827, 3, 0, 219.55, 1965
2026/09/29 08:20:00.828, 0, 1, 216.21, 1965
2026/09/29 08:20:01.841, 0, 628, 216.15, 1965
2026/09/29 08:20:02.842, 0, 0, 215.12, 1965
2026/09/29 08:20:03.842, 0, 0, 214.38, 1965
2026/09/29 08:20:04.842, 0, 4, 169.58, 870
2026/09/29 08:20:05.849, 0, 27, 181.77, 1965
2026/09/29 08:20:06.853, 0, 0, 213.05, 1965
2026/09/29 08:20:07.853, 0, 26, 212.95, 1965
2026/09/29 08:20:08.856, 0, 988, 212.13, 1965
2026/09/29 08:20:09.856, 6, 3516, 212.57, 1965
2026/09/29 08:20:10.857, 5, 6204, 212.04, 1965
2026/09/29 08:20:11.857, 5, 8540, 211.87, 1965
2026/09/29 08:20:12.858, 2, 11356, 211.71, 1965
2026/09/29 08:20:13.859, 3, 13692, 211.30, 1965
2026/09/29 08:20:14.859, 8, 16540, 210.69, 1965
2026/09/29 08:20:15.860, 9, 19356, 210.55, 1965
2026/09/29 08:20:16.860, 7, 21820, 210.38, 1965
2026/09/29 08:20:17.870, 4, 24764, 210.23, 1965
2026/09/29 08:20:18.871, 2, 27708, 209.86, 1965
2026/09/29 08:20:19.871, 9, 30556, 209.62, 1965
2026/09/29 08:20:20.872, 6, 33500, 209.47, 1965
2026/09/29 08:20:21.872, 9, 36604, 208.94, 1965
2026/09/29 08:20:22.872, 0, 37020, 208.59, 1965
2026/09/29 08:20:23.874, 0, 37020, 207.68, 1965
2026/09/29 08:20:24.874, 5, 38652, 207.91, 1965
2026/09/29 08:20:25.874, 1, 39164, 207.52, 1965
2026/09/29 08:20:26.875, 0, 39164, 206.98, 1965
2026/09/29 08:20:27.875, 0, 39164, 206.89, 1965
2026/09/29 08:20:28.875, 0, 39164, 206.51, 1965
2026/09/29 08:20:29.876, 0, 39164, 206.40, 1965
2026/09/29 08:20:30.876, 0, 39164, 206.51, 1965
2026/09/29 08:20:31.877, 0, 39164, 206.21, 1965
2026/09/29 08:20:32.877, 0, 39164, 205.97, 1965
2026/09/29 08:20:33.877, 0, 39164, 205.84, 1965
2026/09/29 08:20:34.883, 0, 39164, 205.97, 1965
2026/09/29 08:20:35.883, 0, 39164, 205.65, 1965
2026/09/29 08:20:36.884, 0, 39164, 205.58, 1965
2026/09/29 08:20:37.884, 0, 39164, 205.38, 1965
2026/09/29 08:20:38.884, 0, 39164, 205.60, 1965
2026/09/29 08:20:39.885, 0, 39164, 205.55, 1965
2026/09/29 08:20:40.886, 0, 39164, 205.36, 1965
2026/09/29 08:20:41.886, 0, 39164, 205.08, 1965
2026/09/29 08:20:42.886, 0, 39164, 205.14, 1965
2026/09/29 08:20:43.887, 0, 39164, 205.00, 1965
2026/09/29 08:20:44.887, 0, 39164, 204.99, 1965
2026/09/29 08:20:45.888, 0, 39164, 205.09, 1965
2026/09/29 08:20:46.888, 0, 39164, 204.65, 1965
2026/09/29 08:20:47.888, 9, 40476, 206.24, 1965
2026/09/29 08:20:48.889, 11, 40476, 206.25, 1965
2026/09/29 08:20:49.889, 8, 40476, 206.59, 1965
2026/09/29 08:20:50.890, 11, 40476, 206.69, 1965
2026/09/29 08:20:51.891, 1, 40476, 205.23, 1965
2026/09/29 08:20:52.891, 0, 40476, 203.79, 1965
2026/09/29 08:20:53.892, 1, 40636, 203.63, 1965
2026/09/29 08:20:54.892, 0, 40636, 203.94, 1965
2026/09/29 08:20:55.894, 0, 40636, 203.42, 1965
2026/09/29 08:20:56.894, 0, 41372, 203.32, 1965
2026/09/29 08:20:57.894, 1, 41468, 203.12, 1965
2026/09/29 08:20:58.895, 1, 42012, 203.10, 1965
2026/09/29 08:20:59.895, 1, 42396, 202.93, 1965
2026/09/29 08:21:00.896, 0, 42908, 203.18, 1965
2026/09/29 08:21:01.897, 1, 43292, 202.87, 1965
2026/09/29 08:21:02.897, 0, 43676, 202.72, 1965
2026/09/29 08:21:03.897, 1, 44060, 202.93, 1965
2026/09/29 08:21:04.898, 0, 44444, 202.51, 1965
2026/09/29 08:21:05.898, 1, 44732, 202.80, 1965
2026/09/29 08:21:06.898, 0, 44988, 202.62, 1965
2026/09/29 08:21:07.899, 0, 45244, 202.75, 1965
2026/09/29 08:21:08.899, 0, 39294, 206.95, 1965
2026/09/29 08:21:09.899, 96, 40094, 487.98, 1965
2026/09/29 08:21:10.900, 99, 40094, 928.28, 1965
2026/09/29 08:21:11.900, 3, 39966, 400.34, 1965
2026/09/29 08:21:12.900, 2, 40702, 206.21, 1965
2026/09/29 08:21:13.901, 1, 41284, 205.42, 1965
2026/09/29 08:21:14.901, 0, 39756, 218.82, 1965
2026/09/29 08:21:15.901, 0, 39756, 203.83, 1965
2026/09/29 08:21:16.902, 0, 39756, 203.31, 1965
2026/09/29 08:21:17.902, 3, 40556, 203.59, 1965
2026/09/29 08:21:18.902, 100, 42572, 899.43, 1950
2026/09/29 08:21:19.902, 100, 42572, 946.86, 1950
2026/09/29 08:21:20.903, 3, 40666, 586.19, 1965
2026/09/29 08:21:21.903, 98, 42558, 458.84, 1890
2026/09/29 08:21:22.903, 10, 42942, 435.64, 1965
2026/09/29 08:21:23.904, 0, 40510, 208.92, 1965
2026/09/29 08:21:24.904, 0, 40510, 206.62, 1965
2026/09/29 08:21:25.904, 0, 40510, 206.55, 1965
2026/09/29 08:21:26.905, 0, 40510, 206.09, 1965
2026/09/29 08:21:27.905, 0, 40510, 205.87, 1965
2026/09/29 08:21:28.905, 53, 41278, 376.75, 1965
2026/09/29 08:21:29.906, 58, 41278, 564.09, 1965
2026/09/29 08:21:30.906, 52, 41278, 553.86, 1965
2026/09/29 08:21:31.906, 4, 40926, 491.02, 1965
2026/09/29 08:21:32.907, 0, 40542, 221.50, 1965
2026/09/29 08:21:33.907, 0, 40542, 206.73, 1965
2026/09/29 08:21:34.907, 0, 40542, 206.10, 1965
2026/09/29 08:21:35.907, 0, 40542, 206.09, 1965
2026/09/29 08:21:36.908, 75, 43358, 315.28, 1965
2026/09/29 08:21:37.908, 76, 43358, 771.01, 1965
2026/09/29 08:21:38.908, 76, 43390, 774.96, 1965
2026/09/29 08:21:39.909, 69, 40638, 757.11, 1965
2026/09/29 08:21:40.909, 0, 42398, 419.35, 1965
2026/09/29 08:21:41.909, 45, 43262, 510.57, 1920
2026/09/29 08:21:42.909, 0, 40510, 210.67, 1965
2026/09/29 08:21:43.910, 0, 40510, 207.13, 1965
2026/09/29 08:21:44.910, 0, 40510, 207.25, 1965
2026/09/29 08:21:45.911, 0, 40510, 206.95, 1965
2026/09/29 08:21:46.911, 57, 41118, 308.16, 1965
2026/09/29 08:21:47.911, 53, 41182, 559.01, 1965
2026/09/29 08:21:48.911, 57, 41182, 573.65, 1965
2026/09/29 08:21:49.912, 57, 40542, 570.05, 1965
2026/09/29 08:21:50.912, 4, 42398, 216.18, 1965
2026/09/29 08:21:51.913, 0, 40542, 220.61, 1965
2026/09/29 08:21:52.913, 0, 40542, 206.62, 1965
2026/09/29 08:21:53.913, 0, 40542, 206.35, 1965
2026/09/29 08:21:54.914, 39, 43358, 236.73, 1965
2026/09/29 08:21:55.914, 81, 43358, 781.09, 1965
2026/09/29 08:21:56.914, 82, 43390, 780.93, 1965
2026/09/29 08:21:57.915, 78, 43390, 780.25, 1965
2026/09/29 08:21:58.915, 0, 42110, 472.90, 1965
2026/09/29 08:21:59.916, 9, 43006, 412.08, 1965
2026/09/29 08:22:00.916, 0, 40542, 314.23, 1965
2026/09/29 08:22:01.916, 0, 40542, 207.95, 1965
2026/09/29 08:22:02.917, 0, 40542, 207.54, 1965
2026/09/29 08:22:03.917, 0, 40542, 207.25, 1965
2026/09/29 08:22:04.918, 0, 40542, 206.88, 1965
2026/09/29 08:22:05.918, 49, 41150, 357.74, 1965
2026/09/29 08:22:06.918, 57, 41182, 558.05, 1965
2026/09/29 08:22:07.919, 57, 41182, 558.63, 1965
2026/09/29 08:22:08.919, 4, 40830, 514.71, 1965
2026/09/29 08:22:09.919, 1, 40574, 223.00, 1965
2026/09/29 08:22:10.920, 0, 40574, 207.44, 1965
2026/09/29 08:22:11.920, 0, 40574, 206.70, 1965
2026/09/29 08:22:12.920, 0, 40574, 206.18, 1965
2026/09/29 08:22:13.921, 25, 43230, 223.93, 1965
2026/09/29 08:22:14.921, 81, 43806, 758.99, 1965
2026/09/29 08:22:15.921, 79, 43806, 776.37, 1965
2026/09/29 08:22:16.922, 80, 43806, 779.36, 1965
2026/09/29 08:22:17.922, 0, 42046, 488.25, 1965
2026/09/29 08:22:18.923, 14, 42718, 431.22, 1965
2026/09/29 08:22:19.923, 0, 40510, 315.89, 1965
2026/09/29 08:22:20.924, 0, 40510, 207.79, 1965
2026/09/29 08:22:21.924, 0, 40510, 207.28, 1965
2026/09/29 08:22:22.924, 0, 40510, 206.71, 1965
2026/09/29 08:22:23.925, 0, 40510, 206.75, 1965
2026/09/29 08:22:24.925, 0, 40638, 206.67, 1965
2026/09/29 08:22:25.925, 61, 42046, 521.33, 1965
2026/09/29 08:22:26.926, 62, 42046, 619.13, 1965
2026/09/29 08:22:27.926, 64, 42046, 632.56, 1965
2026/09/29 08:22:28.926, 61, 42046, 643.05, 1965
2026/09/29 08:22:29.927, 39, 42078, 640.68, 1965
2026/09/29 08:22:30.927, 61, 42078, 647.60, 1965
2026/09/29 08:22:31.928, 4, 41630, 421.35, 1965
2026/09/29 08:22:32.928, 0, 40798, 234.11, 1965
2026/09/29 08:22:33.928, 0, 40798, 207.66, 1965
2026/09/29 08:22:34.929, 0, 40798, 207.33, 1965
2026/09/29 08:22:35.929, 0, 40798, 207.10, 1965
2026/09/29 08:22:36.929, 0, 40798, 206.66, 1965
2026/09/29 08:22:37.929, 0, 40798, 206.29, 1965
2026/09/29 08:22:38.930, 0, 40798, 206.25, 1965
2026/09/29 08:22:39.930, 0, 41982, 206.21, 1965
2026/09/29 08:22:40.931, 89, 46910, 428.95, 1965
2026/09/29 08:22:41.931, 92, 46910, 833.50, 1965
2026/09/29 08:22:42.931, 90, 46910, 853.34, 1965
2026/09/29 08:22:43.932, 90, 46910, 830.28, 1965
2026/09/29 08:22:44.932, 91, 46910, 848.54, 1965
2026/09/29 08:22:45.933, 86, 46910, 856.99, 1965
2026/09/29 08:22:46.933, 89, 46910, 853.84, 1965
2026/09/29 08:22:47.933, 100, 43070, 728.22, 1845
2026/09/29 08:22:48.934, 0, 43262, 391.39, 1965
2026/09/29 08:22:49.934, 0, 44254, 649.98, 1965
2026/09/29 08:22:50.934, 8, 44734, 454.77, 1957
2026/09/29 08:22:51.935, 0, 40702, 212.57, 1965
2026/09/29 08:22:52.935, 0, 40702, 209.35, 1965
2026/09/29 08:22:53.935, 0, 40702, 208.61, 1965
2026/09/29 08:22:54.936, 0, 40702, 208.20, 1965
2026/09/29 08:22:55.936, 0, 40702, 208.11, 1965
2026/09/29 08:22:56.936, 0, 40702, 207.55, 1965
2026/09/29 08:22:57.937, 0, 40702, 207.65, 1965
2026/09/29 08:22:58.937, 0, 40702, 207.18, 1965
2026/09/29 08:22:59.937, 65, 42110, 543.84, 1965
2026/09/29 08:23:00.938, 64, 42206, 669.20, 1965
2026/09/29 08:23:01.938, 64, 42206, 671.87, 1965
2026/09/29 08:23:02.938, 44, 42270, 667.55, 1965
2026/09/29 08:23:03.939, 64, 42270, 680.52, 1965
2026/09/29 08:23:04.939, 66, 42270, 668.02, 1965
2026/09/29 08:23:05.939, 0, 40798, 290.86, 1965
2026/09/29 08:23:06.940, 0, 40798, 209.31, 1965
2026/09/29 08:23:07.940, 0, 40798, 208.42, 1965
2026/09/29 08:23:08.940, 0, 40798, 207.82, 1965
2026/09/29 08:23:09.941, 0, 40798, 207.54, 1965
2026/09/29 08:23:10.941, 0, 40798, 207.21, 1965
2026/09/29 08:23:11.941, 0, 40798, 206.87, 1965
2026/09/29 08:23:12.942, 15, 42014, 206.96, 1965
2026/09/29 08:23:13.942, 56, 46878, 268.14, 1965
2026/09/29 08:23:14.942, 90, 46878, 835.15, 1965
2026/09/29 08:23:15.943, 90, 46878, 842.25, 1965
2026/09/29 08:23:16.943, 88, 46878, 852.19, 1965
2026/09/29 08:23:17.943, 90, 46878, 846.51, 1965
2026/09/29 08:23:18.944, 90, 46878, 848.95, 1965
2026/09/29 08:23:19.944, 90, 46878, 851.59, 1965
2026/09/29 08:23:20.944, 44, 42718, 701.73, 1950
2026/09/29 08:23:21.945, 0, 43134, 555.53, 1965
2026/09/29 08:23:22.945, 68, 44350, 646.68, 1950
2026/09/29 08:23:23.945, 15, 44862, 449.87, 1965
2026/09/29 08:23:24.946, 0, 40702, 211.80, 1965
2026/09/29 08:23:25.946, 0, 40702, 209.76, 1965
2026/09/29 08:23:26.946, 0, 40702, 208.89, 1965
2026/09/29 08:23:27.947, 0, 40702, 208.60, 1965
2026/09/29 08:23:28.947, 0, 40702, 208.09, 1965
2026/09/29 08:23:29.947, 0, 40702, 207.85, 1965
2026/09/29 08:23:30.948, 0, 40990, 208.02, 1965
2026/09/29 08:23:31.948, 60, 42174, 607.73, 1965
2026/09/29 08:23:32.948, 63, 42174, 674.16, 1965
2026/09/29 08:23:33.948, 63, 42206, 675.01, 1965
2026/09/29 08:23:34.949, 65, 42206, 662.10, 1965
2026/09/29 08:23:35.949, 63, 42206, 666.53, 1965
2026/09/29 08:23:36.949, 41, 40958, 656.84, 1965
2026/09/29 08:23:37.950, 45, 40766, 238.45, 1965
2026/09/29 08:23:38.950, 0, 40766, 209.82, 1965
2026/09/29 08:23:39.951, 0, 40766, 208.81, 1965
2026/09/29 08:23:40.951, 0, 40766, 208.43, 1965
2026/09/29 08:23:41.952, 0, 40766, 207.85, 1965
2026/09/29 08:23:42.952, 0, 40766, 208.02, 1965
2026/09/29 08:23:43.953, 0, 40766, 207.51, 1965
2026/09/29 08:23:44.953, 0, 40766, 207.34, 1965
2026/09/29 08:23:45.953, 0, 42558, 208.13, 1965
2026/09/29 08:23:46.954, 92, 46814, 780.15, 1957
2026/09/29 08:23:47.954, 89, 46814, 834.82, 1935
2026/09/29 08:23:48.954, 89, 46846, 854.78, 1965
2026/09/29 08:23:49.954, 92, 46846, 848.26, 1965
2026/09/29 08:23:50.955, 90, 46846, 852.34, 1965
2026/09/29 08:23:51.955, 90, 46846, 850.26, 1965
2026/09/29 08:23:52.955, 0, 45726, 746.51, 1965
2026/09/29 08:23:53.957, 100, 43134, 628.71, 1912
2026/09/29 08:23:54.957, 100, 43870, 338.81, 1695
2026/09/29 08:23:55.957, 6, 44062, 522.79, 1965
2026/09/29 08:23:56.957, 11, 44638, 440.72, 1965
2026/09/29 08:23:57.958, 0, 40702, 212.34, 1965
2026/09/29 08:23:58.958, 0, 40702, 210.33, 1965
2026/09/29 08:23:59.958, 0, 40702, 209.43, 1965
2026/09/29 08:24:00.959, 0, 40702, 209.37, 1965
2026/09/29 08:24:01.959, 0, 40702, 208.86, 1965
2026/09/29 08:24:02.959, 0, 40702, 208.84, 1965
2026/09/29 08:24:03.960, 0, 40702, 208.57, 1965
2026/09/29 08:24:04.960, 0, 40702, 208.05, 1965
2026/09/29 08:24:05.960, 77, 43742, 364.53, 1957
2026/09/29 08:24:06.960, 32, 43742, 807.40, 1965
2026/09/29 08:24:07.963, 77, 43742, 830.00, 1965
2026/09/29 08:24:08.963, 81, 43806, 857.23, 1965
2026/09/29 08:24:09.963, 79, 43806, 830.97, 1965
2026/09/29 08:24:10.964, 79, 43806, 849.26, 1935
2026/09/29 08:24:11.964, 78, 43806, 836.91, 1935
2026/09/29 08:24:12.964, 78, 43806, 853.35, 1950
2026/09/29 08:24:13.965, 77, 43806, 836.83, 1950
2026/09/29 08:24:14.965, 3, 41822, 535.42, 1965
2026/09/29 08:24:15.966, 0, 41246, 262.03, 1965
2026/09/29 08:24:16.967, 0, 41246, 210.72, 1965
2026/09/29 08:24:17.967, 0, 41246, 209.76, 1965
2026/09/29 08:24:18.967, 0, 41246, 209.52, 1965
2026/09/29 08:24:19.968, 0, 41246, 208.97, 1965
2026/09/29 08:24:20.968, 0, 41246, 208.54, 1965
2026/09/29 08:24:21.968, 0, 41246, 208.16, 1965
2026/09/29 08:24:22.969, 0, 41246, 208.26, 1965
2026/09/29 08:24:23.969, 0, 41246, 207.52, 1965
2026/09/29 08:24:24.972, 0, 41246, 207.41, 1965
2026/09/29 08:24:25.972, 0, 41246, 207.12, 1965
2026/09/29 08:24:26.975, 0, 41246, 206.87, 1965
2026/09/29 08:24:27.976, 0, 41246, 206.75, 1965
2026/09/29 08:24:28.976, 0, 43294, 207.34, 1965
2026/09/29 08:24:29.976, 0, 43294, 206.29, 1965
2026/09/29 08:24:30.977, 95, 48222, 624.73, 1965
2026/09/29 08:24:31.977, 97, 48222, 830.30, 1882
2026/09/29 08:24:32.977, 95, 48222, 839.79, 1905
2026/09/29 08:24:33.978, 97, 48222, 845.99, 1965
2026/09/29 08:24:34.978, 97, 48222, 839.43, 1965
2026/09/29 08:24:35.978, 94, 48286, 872.88, 1920
2026/09/29 08:24:36.979, 95, 48286, 836.86, 1935
2026/09/29 08:24:37.980, 95, 48286, 849.84, 1950
2026/09/29 08:24:38.980, 95, 48286, 850.73, 1950
2026/09/29 08:24:39.980, 95, 48286, 833.08, 1957
2026/09/29 08:24:40.980, 95, 48286, 870.13, 1957
2026/09/29 08:24:41.981, 94, 48286, 848.58, 1950
2026/09/29 08:24:42.981, 92, 48286, 846.36, 1852
2026/09/29 08:24:43.982, 95, 48286, 851.57, 1965
2026/09/29 08:24:44.982, 45, 41214, 764.61, 1965
2026/09/29 08:24:45.982, 100, 44894, 867.26, 1770
2026/09/29 08:24:46.983, 0, 45246, 304.62, 1965
2026/09/29 08:24:47.983, 0, 45246, 212.90, 1965
2026/09/29 08:24:48.983, 100, 45822, 425.02, 1867
2026/09/29 08:24:49.984, 8, 47326, 797.32, 1965
2026/09/29 08:24:50.984, 0, 47326, 213.96, 1965
2026/09/29 08:24:51.985, 0, 47326, 216.07, 1965
2026/09/29 08:24:52.985, 21, 48190, 643.18, 1965
2026/09/29 08:24:53.985, 0, 48190, 213.69, 1965
2026/09/29 08:24:54.986, 0, 41054, 210.99, 1965
2026/09/29 08:24:55.986, 0, 41054, 209.92, 1965
2026/09/29 08:24:56.986, 0, 41054, 209.04, 1965
2026/09/29 08:24:57.986, 0, 41054, 209.15, 1965
2026/09/29 08:24:58.987, 0, 41054, 208.85, 1965
2026/09/29 08:24:59.987, 0, 41054, 208.53, 1965
2026/09/29 08:25:00.987, 0, 41054, 208.38, 1965
2026/09/29 08:25:01.988, 0, 41054, 208.06, 1965
2026/09/29 08:25:02.988, 0, 41054, 208.19, 1965
2026/09/29 08:25:03.988, 0, 41054, 207.59, 1965
2026/09/29 08:25:04.989, 0, 41054, 207.45, 1965
2026/09/29 08:25:05.989, 0, 41054, 207.34, 1965
2026/09/29 08:25:07.087, 10, 41534, 209.30, 1965
2026/09/29 08:25:08.087, 8, 41534, 209.70, 1965
2026/09/29 08:25:09.088, 11, 41534, 210.04, 1965
2026/09/29 08:25:10.089, 8, 41534, 208.47, 1965
2026/09/29 08:25:11.089, 0, 41534, 207.52, 1965
2026/09/29 08:25:12.089, 28, 46718, 208.12, 1965
2026/09/29 08:25:13.090, 0, 41150, 210.42, 1965
2026/09/29 08:25:14.090, 0, 41182, 206.29, 1965
2026/09/29 08:25:15.090, 2, 41822, 206.22, 1965
2026/09/29 08:25:16.091, 0, 41214, 216.79, 1965
2026/09/29 08:25:17.091, 0, 41214, 218.97, 1965
2026/09/29 08:25:18.091, 3, 41470, 205.62, 1965
2026/09/29 08:25:19.092, 96, 42718, 746.23, 1965
2026/09/29 08:25:20.093, 99, 42718, 816.73, 1965
2026/09/29 08:25:21.094, 99, 42782, 814.64, 1965
2026/09/29 08:25:22.094, 99, 42782, 822.64, 1965
2026/09/29 08:25:23.094, 99, 42782, 819.76, 1965
2026/09/29 08:25:24.095, 3, 42526, 387.38, 1965
2026/09/29 08:25:25.095, 0, 41214, 235.84, 1965
2026/09/29 08:25:26.095, 0, 41214, 208.01, 1965
2026/09/29 08:25:27.096, 0, 41214, 207.34, 1965
2026/09/29 08:25:28.096, 0, 41214, 207.29, 1965
2026/09/29 08:25:29.096, 0, 41214, 206.92, 1965
2026/09/29 08:25:30.097, 0, 41214, 206.62, 1965
2026/09/29 08:25:31.098, 0, 41214, 206.64, 1965
2026/09/29 08:25:32.099, 0, 42366, 207.27, 1965
2026/09/29 08:25:33.099, 100, 47486, 452.88, 1965
2026/09/29 08:25:34.099, 100, 47486, 792.79, 1965
2026/09/29 08:25:35.105, 100, 47486, 791.34, 1965
2026/09/29 08:25:36.105, 100, 47550, 785.80, 1965
2026/09/29 08:25:37.106, 100, 47550, 804.84, 1965
2026/09/29 08:25:38.106, 100, 47550, 797.98, 1965
2026/09/29 08:25:39.106, 100, 47806, 801.50, 1965
2026/09/29 08:25:40.107, 100, 47806, 797.32, 1965
2026/09/29 08:25:41.107, 100, 47774, 813.47, 1965
2026/09/29 08:25:42.110, 100, 43454, 642.22, 1890
2026/09/29 08:25:43.111, 6, 43710, 276.17, 1815
2026/09/29 08:25:44.111, 15, 44478, 598.93, 1965
2026/09/29 08:25:45.111, 9, 44478, 358.11, 1837
2026/09/29 08:25:46.111, 0, 44478, 307.60, 1965
2026/09/29 08:25:47.112, 0, 41054, 210.46, 1965
2026/09/29 08:25:48.112, 0, 41054, 209.45, 1965
2026/09/29 08:25:49.112, 0, 41054, 208.94, 1965
2026/09/29 08:25:50.113, 0, 41054, 209.11, 1965
2026/09/29 08:25:51.113, 0, 41054, 208.66, 1965
2026/09/29 08:25:52.113, 0, 41054, 208.32, 1965
2026/09/29 08:25:53.114, 0, 41054, 208.13, 1965
2026/09/29 08:25:54.114, 4, 41438, 208.30, 1965
2026/09/29 08:25:55.115, 9, 41438, 210.30, 1965
2026/09/29 08:25:56.115, 11, 41438, 209.44, 1965
2026/09/29 08:25:57.115, 11, 41438, 209.11, 1965
2026/09/29 08:25:58.116, 2, 41438, 208.54, 1965
2026/09/29 08:25:59.116, 0, 41438, 206.95, 1965
2026/09/29 08:26:00.116, 5, 46910, 208.29, 1965
2026/09/29 08:26:01.117, 0, 41086, 212.08, 1965
2026/09/29 08:26:02.117, 3, 41086, 206.99, 1965
2026/09/29 08:26:03.117, 0, 41086, 206.20, 1965
2026/09/29 08:26:04.121, 5, 41502, 206.33, 1965
2026/09/29 08:26:05.121, 99, 43070, 826.63, 1905
2026/09/29 08:26:06.122, 99, 43070, 971.64, 1897
2026/09/29 08:26:07.122, 99, 43070, 972.11, 1935
2026/09/29 08:26:08.122, 99, 43070, 962.72, 1882
2026/09/29 08:26:09.122, 5, 42942, 268.67, 1965
2026/09/29 08:26:10.123, 0, 41182, 242.82, 1965
2026/09/29 08:26:11.123, 0, 41182, 208.49, 1965
2026/09/29 08:26:12.123, 0, 41182, 207.75, 1965
2026/09/29 08:26:13.124, 0, 41182, 207.49, 1965
2026/09/29 08:26:14.124, 0, 41182, 206.89, 1965
2026/09/29 08:26:15.127, 0, 41182, 206.64, 1965
2026/09/29 08:26:16.128, 0, 41182, 206.50, 1965
2026/09/29 08:26:17.128, 0, 41790, 206.26, 1965
2026/09/29 08:26:18.128, 0, 42782, 206.83, 1965
2026/09/29 08:26:19.129, 100, 47806, 743.03, 1957
2026/09/29 08:26:20.129, 100, 47806, 899.30, 1950
2026/09/29 08:26:21.129, 100, 47806, 908.80, 1965
2026/09/29 08:26:22.130, 100, 47806, 911.57, 1912
2026/09/29 08:26:23.130, 100, 47870, 910.49, 1882
2026/09/29 08:26:24.130, 100, 47870, 915.40, 1912
2026/09/29 08:26:25.130, 100, 47678, 907.01, 1942
2026/09/29 08:26:26.131, 67, 43358, 611.45, 1965
2026/09/29 08:26:27.131, 11, 43870, 271.70, 1965
2026/09/29 08:26:28.131, 0, 44606, 590.19, 1965
2026/09/29 08:26:29.132, 9, 44606, 534.92, 1965
2026/09/29 08:26:30.132, 10, 44606, 217.17, 1965
2026/09/29 08:26:31.132, 0, 41022, 210.50, 1965
2026/09/29 08:26:32.136, 0, 41022, 209.34, 1965
2026/09/29 08:26:33.136, 0, 41022, 209.30, 1965
2026/09/29 08:26:34.136, 0, 41022, 208.82, 1965
2026/09/29 08:26:35.137, 0, 41022, 208.25, 1965
2026/09/29 08:26:36.137, 0, 0, 210.51, 1965
2026/09/29 08:26:37.137, 0, 4, 208.22, 1965
2026/09/29 08:26:38.139, 1, 628, 206.46, 1965
2026/09/29 08:26:39.139, 0, 0, 207.37, 1965
2026/09/29 08:26:40.139, 0, 0, 207.29, 1965
2026/09/29 08:26:41.140, 0, 4, 156.65, 840
2026/09/29 08:26:42.163, 3, 628, 176.85, 1965
2026/09/29 08:26:43.163, 0, 1, 206.73, 1965
2026/09/29 08:26:44.164, 0, 27, 207.23, 1965
2026/09/29 08:26:45.172, 0, 764, 206.55, 1965
2026/09/29 08:26:46.172, 0, 764, 205.95, 1965
2026/09/29 08:26:47.173, 0, 764, 205.97, 1965
2026/09/29 08:26:48.173, 0, 764, 206.02, 1965
2026/09/29 08:26:49.173, 0, 764, 205.99, 1965
2026/09/29 08:26:50.174, 0, 764, 206.14, 1965
2026/09/29 08:26:51.174, 0, 764, 205.96, 1965
2026/09/29 08:26:52.174, 0, 764, 205.68, 1965
2026/09/29 08:26:53.175, 0, 764, 205.37, 1965
2026/09/29 08:26:54.175, 0, 764, 205.69, 1965
2026/09/29 08:26:55.176, 0, 764, 205.40, 1965
2026/09/29 08:26:56.179, 0, 764, 205.44, 1965
2026/09/29 08:26:57.179, 0, 764, 205.09, 1965
2026/09/29 08:26:58.180, 0, 764, 204.89, 1965
2026/09/29 08:26:59.180, 0, 764, 205.38, 1965
2026/09/29 08:27:00.180, 0, 764, 204.80, 1965
2026/09/29 08:27:01.181, 0, 764, 204.90, 1965
2026/09/29 08:27:02.181, 0, 764, 204.10, 1965
2026/09/29 08:27:03.181, 0, 764, 204.17, 1965
2026/09/29 08:27:04.182, 0, 892, 204.04, 1965
2026/09/29 08:27:05.184, 1, 1212, 203.93, 1965
2026/09/29 08:27:06.184, 0, 1436, 204.02, 1965
2026/09/29 08:27:07.185, 2, 1724, 203.91, 1965
2026/09/29 08:27:08.185, 0, 1980, 204.04, 1965
2026/09/29 08:27:09.185, 0, 2236, 203.67, 1965
2026/09/29 08:27:10.186, 0, 2460, 203.92, 1965
2026/09/29 08:27:11.186, 0, 2748, 203.74, 1965
2026/09/29 08:27:12.187, 2, 2972, 203.86, 1965
2026/09/29 08:27:13.187, 0, 3196, 203.47, 1965
2026/09/29 08:27:14.187, 1, 3484, 203.47, 1965
2026/09/29 08:27:15.188, 0, 3740, 203.59, 1965
2026/09/29 08:27:16.188, 0, 3996, 203.46, 1965
2026/09/29 08:27:17.189, 0, 4220, 203.30, 1965
2026/09/29 08:27:18.192, 1, 4508, 202.74, 1965
2026/09/29 08:27:19.192, 2, 4732, 202.62, 1965
2026/09/29 08:27:20.193, 0, 5020, 202.82, 1965
2026/09/29 08:27:21.193, 1, 5276, 202.82, 1965
2026/09/29 08:27:22.194, 0, 5468, 202.67, 1965
2026/09/29 08:27:23.194, 2, 5756, 202.78, 1965
2026/09/29 08:27:24.194, 0, 6012, 202.53, 1965
2026/09/29 08:27:25.195, 0, 6300, 202.17, 1965
2026/09/29 08:27:26.195, 0, 6492, 202.81, 1965
2026/09/29 08:27:27.196, 0, 6780, 202.62, 1965
2026/09/29 08:27:28.196, 1, 7068, 202.56, 1965
2026/09/29 08:27:29.197, 0, 7324, 202.22, 1965
2026/09/29 08:27:30.198, 0, 7516, 202.37, 1965
2026/09/29 08:27:31.198, 1, 7868, 202.52, 1965
2026/09/29 08:27:32.198, 0, 8124, 202.43, 1965
2026/09/29 08:27:33.199, 2, 8348, 202.45, 1965
2026/09/29 08:27:34.199, 1, 8636, 202.33, 1965
2026/09/29 08:27:35.199, 2, 8892, 202.48, 1965
2026/09/29 08:27:36.199, 0, 9148, 202.34, 1965
2026/09/29 08:27:37.200, 1, 9372, 202.04, 1965
2026/09/29 08:27:38.200, 0, 9596, 202.24, 1965
2026/09/29 08:27:39.201, 0, 9596, 202.34, 1965
2026/09/29 08:27:40.201, 0, 9596, 202.35, 1965
2026/09/29 08:27:41.202, 0, 9596, 202.54, 1965
2026/09/29 08:27:42.202, 0, 9852, 202.16, 1965
2026/09/29 08:27:43.202, 1, 9980, 202.27, 1965
2026/09/29 08:27:44.202, 1, 10236, 202.63, 1965
2026/09/29 08:27:45.203, 0, 10396, 202.13, 1965
2026/09/29 08:27:46.203, 2, 10460, 202.41, 1965
2026/09/29 08:27:47.203, 1, 10620, 202.37, 1965
2026/09/29 08:27:48.212, 1, 10812, 202.37, 1965
2026/09/29 08:27:49.213, 0, 11036, 202.09, 1965
2026/09/29 08:27:50.213, 0, 11100, 202.20, 1965
2026/09/29 08:27:51.213, 1, 11228, 202.53, 1965
2026/09/29 08:27:52.213, 1, 11452, 202.25, 1965
2026/09/29 08:27:53.214, 2, 11676, 202.43, 1965
2026/09/29 08:27:54.214, 0, 11740, 202.03, 1965
2026/09/29 08:27:55.214, 1, 11868, 202.25, 1965
2026/09/29 08:27:56.214, 1, 12092, 202.16, 1965
2026/09/29 08:27:57.214, 0, 12156, 201.67, 1965
2026/09/29 08:27:58.214, 0, 12380, 201.94, 1965
2026/09/29 08:27:59.215, 0, 12508, 201.80, 1965
2026/09/29 08:28:00.215, 0, 12732, 201.89, 1965
2026/09/29 08:28:01.215, 0, 12796, 201.69, 1965
2026/09/29 08:28:02.215, 0, 12924, 201.66, 1965
2026/09/29 08:28:03.215, 0, 13148, 201.90, 1965
2026/09/29 08:28:04.215, 0, 13340, 201.48, 1965
2026/09/29 08:28:05.216, 0, 13532, 201.72, 1965
2026/09/29 08:28:06.216, 0, 13564, 201.79, 1965
2026/09/29 08:28:07.216, 0, 13788, 202.30, 1965
2026/09/29 08:28:08.216, 2, 13980, 201.72, 1965
2026/09/29 08:28:09.216, 0, 14076, 201.51, 1965
2026/09/29 08:28:10.216, 2, 14236, 201.73, 1965
2026/09/29 08:28:11.217, 0, 14492, 202.03, 1965
2026/09/29 08:28:12.217, 0, 14716, 201.76, 1965
2026/09/29 08:28:13.217, 0, 14844, 201.99, 1965
2026/09/29 08:28:14.218, 1, 15036, 202.35, 1965
2026/09/29 08:28:15.218, 1, 15260, 201.76, 1965
2026/09/29 08:28:16.218, 1, 15452, 201.92, 1965
2026/09/29 08:28:17.218, 0, 15676, 201.58, 1965
2026/09/29 08:28:18.219, 0, 15772, 201.99, 1965
2026/09/29 08:28:19.219, 1, 15900, 201.61, 1965
2026/09/29 08:28:20.219, 0, 16092, 201.98, 1965
2026/09/29 08:28:21.220, 2, 16540, 201.77, 1965
2026/09/29 08:28:22.220, 0, 17468, 201.69, 1965
2026/09/29 08:28:23.220, 2, 18332, 201.74, 1965
2026/09/29 08:28:24.221, 0, 18556, 201.64, 1965
2026/09/29 08:28:25.221, 0, 18556, 201.65, 1965
2026/09/29 08:28:26.221, 0, 18556, 203.65, 1965
2026/09/29 08:28:27.222, 100, 20606, 668.03, 1965
2026/09/29 08:28:28.222, 100, 34546, 436.99, 1965
2026/09/29 08:28:29.222, 100, 37586, 685.47, 1965
2026/09/29 08:28:30.222, 100, 37586, 737.94, 1965
2026/09/29 08:28:31.223, 0, 37586, 494.63, 1965
2026/09/29 08:28:32.223, 0, 37586, 205.81, 1965
2026/09/29 08:28:33.223, 100, 37586, 317.46, 1965
2026/09/29 08:28:34.224, 100, 37586, 764.08, 1965
2026/09/29 08:28:35.224, 100, 37586, 744.77, 1965
2026/09/29 08:28:36.224, 100, 37586, 739.02, 1965
2026/09/29 08:28:37.224, 0, 37586, 479.49, 1965
2026/09/29 08:28:38.225, 0, 37586, 206.82, 1965
2026/09/29 08:28:39.225, 0, 37586, 205.90, 1965
2026/09/29 08:28:40.225, 98, 37586, 566.34, 1965
2026/09/29 08:28:41.226, 100, 37586, 754.87, 1965
2026/09/29 08:28:42.226, 100, 37586, 738.05, 1965
2026/09/29 08:28:43.226, 100, 37586, 748.61, 1965
2026/09/29 08:28:44.226, 0, 37586, 247.49, 1965
2026/09/29 08:28:45.227, 0, 37586, 206.89, 1965
2026/09/29 08:28:46.227, 0, 37586, 206.09, 1965
2026/09/29 08:28:47.228, 45, 37586, 656.56, 1965
2026/09/29 08:28:48.228, 100, 37586, 897.85, 1965
2026/09/29 08:28:49.228, 100, 53650, 755.44, 1965
2026/09/29 08:28:50.229, 100, 57074, 741.42, 1920
2026/09/29 08:28:51.229, 100, 57074, 731.47, 1965
2026/09/29 08:28:52.229, 100, 57074, 739.90, 1965
2026/09/29 08:28:53.230, 100, 57074, 736.32, 1965
2026/09/29 08:28:54.230, 100, 57074, 750.45, 1965
2026/09/29 08:28:55.230, 100, 57074, 734.06, 1965
2026/09/29 08:28:56.230, 0, 57074, 268.95, 1965
2026/09/29 08:28:57.231, 0, 57074, 209.44, 1965
2026/09/29 08:28:58.231, 100, 57074, 485.17, 1965
2026/09/29 08:28:59.232, 96, 57074, 900.35, 1965
2026/09/29 08:29:00.232, 100, 57074, 846.49, 1965
2026/09/29 08:29:01.232, 100, 57074, 742.41, 1965
2026/09/29 08:29:02.233, 100, 57074, 742.80, 1965
2026/09/29 08:29:03.233, 100, 57074, 753.45, 1965
2026/09/29 08:29:04.235, 100, 57074, 735.09, 1965
2026/09/29 08:29:05.235, 100, 57074, 743.55, 1965
2026/09/29 08:29:06.236, 100, 57074, 750.06, 1965
2026/09/29 08:29:07.236, 0, 57074, 386.49, 1965
2026/09/29 08:29:08.236, 0, 57074, 211.34, 1965
2026/09/29 08:29:09.237, 28, 57074, 277.48, 1965
2026/09/29 08:29:10.237, 100, 57074, 890.60, 1965
2026/09/29 08:29:11.238, 98, 57074, 892.12, 1965
2026/09/29 08:29:12.238, 100, 57074, 736.24, 1965
2026/09/29 08:29:13.238, 100, 57074, 739.44, 1965
2026/09/29 08:29:14.239, 100, 57074, 737.82, 1965
2026/09/29 08:29:15.239, 100, 57074, 738.90, 1965
2026/09/29 08:29:16.239, 100, 57074, 753.13, 1965
2026/09/29 08:29:17.239, 100, 57074, 740.57, 1965
2026/09/29 08:29:18.240, 0, 57074, 550.97, 1965
2026/09/29 08:29:19.242, 0, 57074, 212.81, 1965
2026/09/29 08:29:20.242, 0, 57074, 211.09, 1965
2026/09/29 08:29:21.242, 0, 57074, 210.53, 1965
2026/09/29 08:29:22.243, 0, 0, 213.05, 1965
2026/09/29 08:29:23.243, 0, 4, 209.96, 1965
2026/09/29 08:29:24.275, 0, 494, 209.78, 1965
2026/09/29 08:29:25.276, 0, 0, 208.96, 1965
2026/09/29 08:29:26.276, 0, 0, 208.79, 960
2026/09/29 08:29:27.276, 0, 4, 155.20, 712
2026/09/29 08:29:28.307, 1, 628, 177.95, 1965
2026/09/29 08:29:29.307, 0, 4, 207.82, 1965
2026/09/29 08:29:30.346, 0, 626, 208.26, 1965
2026/09/29 08:29:31.347, 0, 764, 207.63, 1965
2026/09/29 08:29:32.347, 0, 764, 207.07, 1965
2026/09/29 08:29:33.348, 0, 764, 207.27, 1965
2026/09/29 08:29:34.349, 0, 764, 206.84, 1965
2026/09/29 08:29:35.350, 0, 764, 206.68, 1965
2026/09/29 08:29:36.350, 0, 764, 206.72, 1965
2026/09/29 08:29:37.351, 0, 764, 206.43, 1965
2026/09/29 08:29:38.370, 0, 764, 206.43, 1965
2026/09/29 08:29:39.370, 0, 764, 206.04, 1965
2026/09/29 08:29:40.370, 0, 764, 205.91, 1965
2026/09/29 08:29:41.371, 0, 764, 205.67, 1965
2026/09/29 08:29:42.371, 0, 764, 205.54, 1965
2026/09/29 08:29:43.372, 0, 764, 205.65, 1965
2026/09/29 08:29:44.372, 0, 764, 205.11, 1965
2026/09/29 08:29:45.372, 0, 764, 204.88, 1965
2026/09/29 08:29:46.373, 0, 764, 205.08, 1965
2026/09/29 08:29:47.373, 0, 764, 204.94, 1965
2026/09/29 08:29:48.373, 0, 764, 204.56, 1965
2026/09/29 08:29:49.374, 0, 764, 204.35, 1965
2026/09/29 08:29:50.374, 0, 764, 204.06, 1965
2026/09/29 08:29:51.374, 0, 764, 204.05, 1965
2026/09/29 08:29:52.375, 0, 764, 203.62, 1965
2026/09/29 08:29:53.375, 0, 764, 203.63, 1965
2026/09/29 08:29:54.383, 0, 764, 203.27, 1965
2026/09/29 08:29:55.385, 0, 764, 203.24, 1965
2026/09/29 08:29:56.388, 0, 764, 203.29, 1965
2026/09/29 08:29:57.388, 0, 764, 202.96, 1965
2026/09/29 08:29:58.388, 0, 764, 203.27, 1965
2026/09/29 08:29:59.389, 0, 764, 203.09, 1965
2026/09/29 08:30:00.389, 0, 764, 202.74, 1965
2026/09/29 08:30:01.389, 0, 764, 202.96, 1965
2026/09/29 08:30:02.390, 0, 764, 202.77, 1965
2026/09/29 08:30:03.390, 0, 764, 202.97, 1965
2026/09/29 08:30:04.390, 0, 764, 202.82, 1965
2026/09/29 08:30:05.390, 0, 764, 202.89, 1965
2026/09/29 08:30:06.392, 0, 764, 202.72, 1965
2026/09/29 08:30:07.393, 0, 764, 202.77, 1965
2026/09/29 08:30:08.394, 0, 788, 202.69, 1965
2026/09/29 08:30:09.396, 0, 764, 202.13, 1965
2026/09/29 08:30:11.239, 1, 828, 202.48, 1965
2026/09/29 08:30:12.239, 0, 1052, 202.30, 1965
2026/09/29 08:30:13.239, 0, 1276, 202.17, 1965
2026/09/29 08:30:14.240, 0, 1532, 202.64, 1965
2026/09/29 08:30:15.240, 2, 1788, 202.23, 1965
2026/09/29 08:30:16.241, 1, 2012, 202.30, 1965
2026/09/29 08:30:17.241, 2, 2300, 202.16, 1965
2026/09/29 08:30:18.241, 0, 2524, 202.45, 1965
2026/09/29 08:30:19.242, 1, 2812, 201.94, 1965
2026/09/29 08:30:20.242, 0, 3068, 202.14, 1965
2026/09/29 08:30:21.242, 0, 3260, 202.21, 1965
2026/09/29 08:30:22.243, 0, 3548, 201.83, 1965
2026/09/29 08:30:23.243, 1, 3836, 201.77, 1965
2026/09/29 08:30:24.243, 0, 4156, 202.16, 1965
2026/09/29 08:30:25.244, 0, 4444, 201.51, 1965
2026/09/29 08:30:26.245, 2, 4732, 201.84, 1965
2026/09/29 08:30:27.245, 1, 5020, 201.59, 1965
2026/09/29 08:30:28.246, 1, 5308, 201.77, 1965
2026/09/29 08:30:29.246, 2, 5628, 201.55, 1965
2026/09/29 08:30:30.246, 2, 5916, 201.61, 1965
2026/09/29 08:30:31.247, 2, 6204, 201.85, 1965
2026/09/29 08:30:32.247, 1, 6492, 201.03, 1965
2026/09/29 08:30:33.247, 1, 6748, 201.40, 1965
2026/09/29 08:30:34.248, 2, 7036, 201.50, 1965
2026/09/29 08:30:35.248, 0, 7228, 201.15, 1965
2026/09/29 08:30:36.248, 1, 7484, 201.48, 1965
2026/09/29 08:30:37.250, 2, 7772, 201.23, 1965
2026/09/29 08:30:38.250, 2, 8060, 201.05, 1965
2026/09/29 08:30:39.250, 0, 8348, 200.94, 1965
2026/09/29 08:30:40.251, 1, 8636, 200.98, 1965
2026/09/29 08:30:41.251, 1, 8956, 201.30, 1965
2026/09/29 08:30:42.251, 2, 9148, 201.30, 1965
2026/09/29 08:30:43.252, 1, 9436, 200.80, 1965
2026/09/29 08:30:44.252, 0, 9596, 200.94, 1965
2026/09/29 08:30:45.252, 0, 9596, 201.34, 1965
2026/09/29 08:30:46.253, 0, 9596, 201.34, 1965
2026/09/29 08:30:47.253, 0, 9596, 201.02, 1965
2026/09/29 08:30:48.253, 0, 9596, 201.04, 1965
2026/09/29 08:30:49.254, 0, 9596, 201.05, 1965
2026/09/29 08:30:50.254, 0, 9692, 200.95, 1965
2026/09/29 08:30:51.254, 1, 9820, 201.34, 1965
2026/09/29 08:30:52.255, 1, 9948, 201.08, 1965
2026/09/29 08:30:53.255, 0, 10044, 201.38, 1965
2026/09/29 08:30:54.255, 0, 10236, 201.07, 1965
2026/09/29 08:30:55.255, 1, 10364, 201.60, 1965
2026/09/29 08:30:56.256, 0, 10492, 201.38, 1965
2026/09/29 08:30:57.256, 1, 10620, 201.24, 1965
2026/09/29 08:30:58.256, 1, 10780, 201.36, 1965
2026/09/29 08:30:59.257, 1, 10940, 201.59, 1965
2026/09/29 08:31:00.257, 0, 11100, 201.77, 1965
2026/09/29 08:31:01.257, 1, 11260, 201.60, 1965
2026/09/29 08:31:02.258, 1, 11388, 201.74, 1965
2026/09/29 08:31:03.258, 0, 11804, 201.46, 1965
2026/09/29 08:31:04.258, 0, 11804, 201.63, 1965
2026/09/29 08:31:05.259, 0, 11804, 201.39, 1965
2026/09/29 08:31:06.259, 0, 11804, 201.44, 1965
2026/09/29 08:31:07.259, 0, 11804, 201.42, 1965
2026/09/29 08:31:08.260, 0, 11804, 201.17, 1965
2026/09/29 08:31:09.260, 0, 11804, 201.42, 1965
2026/09/29 08:31:10.260, 0, 11804, 201.58, 1965
2026/09/29 08:31:11.261, 0, 11804, 201.57, 1965
2026/09/29 08:31:12.261, 0, 11804, 201.29, 1965
2026/09/29 08:31:13.261, 0, 11804, 201.53, 1965
2026/09/29 08:31:14.262, 0, 11804, 201.33, 1965
2026/09/29 08:31:15.262, 0, 11804, 201.48, 1965
2026/09/29 08:31:16.262, 0, 11804, 201.68, 1965
2026/09/29 08:31:17.262, 0, 11804, 201.28, 1965
2026/09/29 08:31:18.263, 0, 11828, 201.59, 1965
2026/09/29 08:31:19.263, 0, 12564, 201.75, 1965
2026/09/29 08:31:20.263, 0, 12564, 201.33, 1965
2026/09/29 08:31:21.264, 0, 12564, 201.58, 1965
2026/09/29 08:31:22.264, 0, 12564, 201.40, 1965
2026/09/29 08:31:23.264, 0, 12564, 200.93, 1965
2026/09/29 08:31:24.265, 0, 12564, 201.00, 1965
2026/09/29 08:31:25.265, 0, 12564, 201.03, 1965
2026/09/29 08:31:26.265, 0, 12564, 201.18, 1965
2026/09/29 08:31:27.266, 0, 12564, 201.07, 1965
2026/09/29 08:31:28.266, 1, 12628, 201.05, 1965
2026/09/29 08:31:29.266, 0, 12852, 201.44, 1965
2026/09/29 08:31:30.267, 1, 13076, 201.45, 1965
2026/09/29 08:31:31.267, 2, 13364, 201.65, 1965
2026/09/29 08:31:32.267, 0, 13588, 201.37, 1965
2026/09/29 08:31:33.268, 1, 13876, 201.68, 1965
2026/09/29 08:31:34.268, 0, 14132, 201.39, 1965
2026/09/29 08:31:35.268, 0, 14420, 201.22, 1965
2026/09/29 08:31:36.269, 0, 14708, 201.50, 1965
2026/09/29 08:31:37.269, 1, 14900, 201.30, 1965
2026/09/29 08:31:38.269, 2, 15220, 201.46, 1965
2026/09/29 08:31:39.269, 2, 15444, 201.24, 1965
2026/09/29 08:31:40.270, 0, 15732, 201.39, 1965
2026/09/29 08:31:41.274, 0, 15988, 201.53, 1965
2026/09/29 08:31:42.275, 0, 16244, 201.21, 1965
2026/09/29 08:31:43.275, 0, 16468, 201.49, 1965
2026/09/29 08:31:44.275, 1, 16724, 201.24, 1965
2026/09/29 08:31:45.275, 0, 16980, 201.39, 1965
2026/09/29 08:31:46.276, 2, 17204, 201.53, 1965
2026/09/29 08:31:47.276, 1, 17492, 201.04, 1965
2026/09/29 08:31:48.276, 2, 17748, 201.49, 1965
2026/09/29 08:31:49.277, 0, 18004, 201.11, 1965
2026/09/29 08:31:50.277, 0, 18228, 201.84, 1965
2026/09/29 08:31:51.277, 0, 18516, 201.04, 1965
2026/09/29 08:31:52.278, 2, 18740, 201.67, 1965
2026/09/29 08:31:53.278, 1, 18964, 201.25, 1965
2026/09/29 08:31:54.278, 1, 19316, 201.14, 1965
2026/09/29 08:31:55.279, 2, 19636, 201.16, 1965
2026/09/29 08:31:56.279, 0, 19956, 201.11, 1965
2026/09/29 08:31:57.279, 0, 20212, 201.18, 1965
2026/09/29 08:31:58.279, 0, 20500, 201.11, 1965
2026/09/29 08:31:59.281, 1, 20756, 201.39, 1965
2026/09/29 08:32:00.282, 0, 21044, 201.31, 1965
2026/09/29 08:32:01.282, 2, 21236, 201.47, 1965
2026/09/29 08:32:02.282, 0, 21396, 201.18, 1965
2026/09/29 08:32:03.283, 0, 21396, 201.20, 1965
2026/09/29 08:32:04.283, 0, 21396, 201.01, 1965
2026/09/29 08:32:05.283, 0, 21396, 200.69, 1965
2026/09/29 08:32:06.284, 0, 21396, 201.05, 1965
2026/09/29 08:32:07.284, 0, 21396, 200.74, 1965
2026/09/29 08:32:08.284, 0, 21396, 200.82, 1965
2026/09/29 08:32:09.285, 0, 21460, 200.75, 1965
2026/09/29 08:32:10.286, 1, 21652, 201.25, 1965
2026/09/29 08:32:11.286, 1, 21780, 201.49, 1965
2026/09/29 08:32:12.286, 0, 21972, 201.46, 1965
2026/09/29 08:32:13.287, 1, 22132, 201.66, 1965
2026/09/29 08:32:14.287, 0, 22292, 201.62, 1965
2026/09/29 08:32:15.287, 1, 22516, 201.71, 1965
2026/09/29 08:32:16.288, 0, 22740, 201.55, 1965
2026/09/29 08:32:17.288, 2, 22964, 201.87, 1965
2026/09/29 08:32:18.289, 1, 23156, 201.54, 1965
2026/09/29 08:32:19.289, 0, 23604, 201.47, 1965
2026/09/29 08:32:20.289, 0, 23740, 199.84, 1965
2026/09/29 08:32:21.293, 4, 37192, 313.07, 1965
2026/09/29 08:32:22.293, 78, 37416, 566.61, 1965
2026/09/29 08:32:23.293, 99, 37416, 646.88, 1965
2026/09/29 08:32:24.294, 99, 37416, 691.25, 1965
2026/09/29 08:32:25.294, 100, 37918, 611.03, 1965
2026/09/29 08:32:26.294, 99, 37918, 697.28, 1965
2026/09/29 08:32:27.294, 76, 38558, 735.08, 1965
2026/09/29 08:32:28.295, 99, 40830, 610.19, 1965
2026/09/29 08:32:29.295, 84, 40830, 733.15, 1965
2026/09/29 08:32:30.295, 100, 40830, 737.10, 1965
2026/09/29 08:32:31.296, 99, 40830, 727.98, 1965
2026/09/29 08:32:32.297, 100, 40830, 743.35, 1965
2026/09/29 08:32:33.298, 64, 40830, 710.78, 1965
2026/09/29 08:32:34.298, 100, 40830, 654.61, 1965
2026/09/29 08:32:35.298, 78, 40830, 719.65, 1965
2026/09/29 08:32:36.299, 100, 40830, 740.97, 1965
2026/09/29 08:32:37.299, 99, 40830, 730.48, 1965
2026/09/29 08:32:38.300, 100, 40830, 713.26, 1965
2026/09/29 08:32:39.300, 100, 40830, 738.75, 1965
2026/09/29 08:32:40.300, 100, 40830, 631.03, 1965
2026/09/29 08:32:41.301, 99, 40830, 739.32, 1965
2026/09/29 08:32:42.301, 74, 40830, 709.04, 1965
2026/09/29 08:32:43.303, 100, 40830, 730.64, 1965
2026/09/29 08:32:44.303, 100, 40830, 732.05, 1965
2026/09/29 08:32:45.303, 49, 40830, 710.19, 1965
2026/09/29 08:32:46.304, 100, 40830, 663.80, 1965
2026/09/29 08:32:47.304, 93, 40830, 725.16, 1965
2026/09/29 08:32:48.304, 100, 40830, 736.07, 1965
2026/09/29 08:32:49.305, 97, 40830, 726.00, 1965
2026/09/29 08:32:50.305, 100, 40830, 726.70, 1965
2026/09/29 08:32:51.305, 58, 40830, 685.64, 1965
2026/09/29 08:32:52.306, 97, 40830, 685.44, 1965
2026/09/29 08:32:53.306, 100, 40830, 744.89, 1965
2026/09/29 08:32:54.311, 76, 40830, 709.73, 1965
2026/09/29 08:32:55.312, 100, 40830, 721.20, 1965
2026/09/29 08:32:56.312, 99, 40830, 750.02, 1965
2026/09/29 08:32:57.312, 0, 40286, 475.58, 1965
2026/09/29 08:32:58.315, 0, 11804, 214.96, 1965
2026/09/29 08:32:59.315, 0, 11804, 211.93, 1965
2026/09/29 08:33:00.315, 0, 11804, 211.09, 1965
2026/09/29 08:33:01.316, 0, 11804, 210.87, 1965
2026/09/29 08:33:02.316, 0, 11804, 210.35, 1965
2026/09/29 08:33:03.316, 0, 11804, 210.13, 1965
2026/09/29 08:33:04.316, 0, 11804, 209.50, 1965
2026/09/29 08:33:05.318, 0, 11804, 209.38, 1965
2026/09/29 08:33:06.318, 0, 11804, 208.84, 1965
2026/09/29 08:33:07.318, 0, 11804, 208.96, 1965
2026/09/29 08:33:08.319, 0, 11804, 208.77, 1965
2026/09/29 08:33:09.319, 0, 11804, 208.69, 1965
2026/09/29 08:33:10.319, 0, 11804, 207.99, 1965
2026/09/29 08:33:11.320, 0, 11804, 207.88, 1965
2026/09/29 08:33:12.320, 0, 11804, 207.89, 1965
2026/09/29 08:33:13.320, 0, 11804, 207.57, 1965
2026/09/29 08:33:14.321, 0, 11804, 207.49, 1965
2026/09/29 08:33:15.321, 0, 11804, 207.10, 1965
2026/09/29 08:33:16.322, 0, 11804, 207.35, 1965
2026/09/29 08:33:17.323, 0, 11804, 206.88, 1965
2026/09/29 08:33:18.323, 0, 11804, 207.03, 1965
2026/09/29 08:33:19.323, 0, 11804, 206.87, 1965
2026/09/29 08:33:20.324, 0, 11804, 206.58, 1965
2026/09/29 08:33:21.324, 0, 11804, 206.32, 1965
2026/09/29 08:33:22.324, 0, 11804, 206.20, 1965
2026/09/29 08:33:23.325, 0, 11804, 206.35, 1965
2026/09/29 08:33:24.325, 0, 11804, 206.22, 1965
2026/09/29 08:33:25.325, 0, 11804, 206.63, 1965
2026/09/29 08:33:26.326, 0, 11804, 205.91, 1965
2026/09/29 08:33:27.327, 0, 11804, 205.56, 1965
