# dest	hub_id	globs
h3-8step	FastVideo/FastVideo-FastH3-8-Step-V2	tokenizer/* text_encoder/*.json text_encoder/model-0000[1-9]-of-00014.safetensors text_encoder/model-0001[01]-of-00014.safetensors text_encoder/model-0001[2-4]-of-00014.safetensors transformer/* audio_vae/* vae/*
h3-base	MiniMaxAI/MiniMax-H3	tokenizer/* text_encoder/*.json text_encoder/model-0000[1-9]-of-00014.safetensors text_encoder/model-0001[01]-of-00014.safetensors text_encoder/model-0001[2-4]-of-00014.safetensors transformer/* audio_vae/* vae/*
FastH3-4-step-Preview-v1-LoRA	FastVideo/FastVideo-FastH3-4-step-Preview-v1-LoRA	dense-datafree/adapter_model.safetensors vsa-datafree/adapter_model.safetensors
upscaler	LBH-123-AI/Minimax_h3_latent_Upscaler	minimax_h3_latent_upscaler_3d_conv_v1/minimax_h3_latent_upscaler_3d_conv_v1_bf16.safetensors
h3-to-ltx	Efficient-Large-Model/H3-to-LTX-Latent-Adapter	config.json model.safetensors
ltx2	Lightricks/LTX-2	tokenizer/* text_encoder/model-* text_encoder/*.json vae/* audio_vae/* vocoder/* ltx-2-19b-distilled.safetensors
ltx25	Lightricks/LTX-2.5-Diffusers	tokenizer/* text_encoder/model-* text_encoder/*.json connectors/* transformer/* vae/* audio_vae/* vocoder/* latent_upsampler/* ltx-2.5-22b-distilled-lora-450-bf16.safetensors
ltx23	FastVideo/LTX-2.3-Distilled-Diffusers	tokenizer/* text_encoder/model-* text_encoder/gemma/* text_encoder/*.json text_embedding_projection/* transformer/* vae/* audio_vae/* vocoder/* spatial_upscaler/* latent_upsampler/* ltx-2.3-22b-distilled-lora-384-1.1.safetensors ltx-2.3-22b-distilled-lora-384.safetensors
hy15-480-t2v	hunyuanvideo-community/HunyuanVideo-1.5-Diffusers-480p_t2v	tokenizer/* tokenizer_2/* text_encoder/* text_encoder_2/* transformer/* vae/* scheduler/*
hy15-480-i2v	hunyuanvideo-community/HunyuanVideo-1.5-Diffusers-480p_i2v_step_distilled	tokenizer/* tokenizer_2/* text_encoder/* text_encoder_2/* transformer/* vae/* scheduler/*
hy15-720-t2v	hunyuanvideo-community/HunyuanVideo-1.5-Diffusers-720p_t2v	tokenizer/* tokenizer_2/* text_encoder/* text_encoder_2/* transformer/* vae/* scheduler/*
hy15-720-i2v	hunyuanvideo-community/HunyuanVideo-1.5-Diffusers-720p_i2v_distilled	tokenizer/* tokenizer_2/* text_encoder/* text_encoder_2/* transformer/* vae/* scheduler/*
fastwan21-1.3b	FastVideo/FastWan2.1-T2V-1.3B-Diffusers	transformer/* tokenizer/* text_encoder/* vae/*
wan22-ti2v-5b	Wan-AI/Wan2.2-TI2V-5B-Diffusers	scheduler/* tokenizer/* text_encoder/* transformer/* vae/*
fastwan22-ti2v-5b	FastVideo/FastWan2.2-TI2V-5B-FullAttn-Diffusers	scheduler/* tokenizer/* text_encoder/* transformer/* vae/*
wan21-t2v-14b	Wan-AI/Wan2.1-T2V-14B-Diffusers	scheduler/* tokenizer/* text_encoder/* transformer/* vae/*
sfwan21-1.3b	wlsaidhi/SFWan2.1-T2V-1.3B-Diffusers	scheduler/* tokenizer/* text_encoder/* transformer/* vae/*
# mmaudio-44k-v2 spans three repos (hkchengrex/MMAudio, nvidia/bigvgan_v2_44khz_128band_512x,
# apple/DFN5B-CLIP-ViT-H-14-384) plus converted safetensors: fetch it with scripts/gpu/fetch-mmaudio.sh.
# The row below is the MMAudio part for hf-fm fetchers.
mmaudio-44k-v2	hkchengrex/MMAudio	weights/mmaudio_large_44k_v2.pth ext_weights/v1-44.pth ext_weights/synchformer_state_dict.pth
# auxiliary/: small pinned non-Hub weights (TAE decoders, LPIPS). dest<TAB>url:<pinned url><TAB>sha256:<hex> size:<bytes>.
# Same files and hashes as fetch-tae.sh / fetch_taehv.sh / fetch-lpips.sh; runpod.sh's Hub fetch skips auxiliary/ rows,
# verify-weights.sh aux checks each file's size and SHA-256.
auxiliary/tae/taeh3.safetensors	url:https://raw.githubusercontent.com/madebyollin/taehv/e589fddc076e77f5ba8cd6baabe4ba3260b261cd/safetensors/taeh3.safetensors	sha256:4fd022bfcab08772fe0536b17ea1a3bbb5625be11e397868d1c5d891863d4c13 size:22709752
auxiliary/tae/taeltx2_3_wide.safetensors	url:https://raw.githubusercontent.com/madebyollin/taehv/32ac0146b11007cda5a57b60a3b35653361fb8a4/safetensors/taeltx2_3_wide.safetensors	sha256:0a69291425015e8eb4309028e7de1d17d2a11f58ba88e0120453bc36f352e082 size:60359856
auxiliary/tae/taew2_1.safetensors	url:https://raw.githubusercontent.com/madebyollin/taehv/e589fddc076e77f5ba8cd6baabe4ba3260b261cd/safetensors/taew2_1.safetensors	sha256:04766eac0221b5390b985ae3fdcca652cbb4b1e8b82b28ea7ff89dfad1b1a93f size:22642902
auxiliary/tae/taew2_2.safetensors	url:https://raw.githubusercontent.com/madebyollin/taehv/e589fddc076e77f5ba8cd6baabe4ba3260b261cd/safetensors/taew2_2.safetensors	sha256:b84609b2a133d48434bd9636bfcb44bf05168dc436e2d3cecf26256faa1f5325 size:22848048
auxiliary/lpips/alexnet-owt-7be5be79.pth	url:https://download.pytorch.org/models/alexnet-owt-7be5be79.pth	sha256:7be5be791159472b1fbf3c69796f7cb30dca7ad8466c2df70058c37116cdee02 size:244408911
auxiliary/lpips/lpips_v0.1_alex.pth	url:https://raw.githubusercontent.com/richzhang/PerceptualSimilarity/082bb24f84c091ea94de2867d34c4544f68e0963/lpips/weights/v0.1/alex.pth	sha256:df73285e35b22355a2df87cdb6b70b343713b667eddbda73e1977e0c860835c0 size:6009
# h3-base/text_encoder_fp8 and ltx25/text_encoder_fp8: optional pre-quantized FP8 text encoders (E13), derived with
# `fv-gpucheck quantize-text-encoder`, not fetched (no row here). On both volumes; sizes and SHA-256 in
# verify-weights.sh (cell text-fp8). Without them the loader quantizes at load.
