# Hub revision of every weight tree on the two weight volumes, for rebuilds
# (docs/ops/runpod-volumes.md; scripts/gpu/rebuild-volume.sh reads this file).
# weights-manifest.tsv keeps its three columns (dest, hub_id, globs) because
# runpod.sh and the tests parse it; the revision lives here.
#
# dest<TAB>hub_id<TAB>revision (40 hex)<TAB>basis<TAB>fetcher
#
# basis:
#   recorded   the full SHA is written in this repo (manifest comment, fetch log or port doc)
#   short      a short SHA is recorded (docs/gaps/2026-09-27-volume-sync.md);
#              expanded to 40 hex with the Hub API (GET /api/models/<repo>/revision/<short>)
#              on 2026-09-30
#   inferred   no revision recorded. These trees were fetched unpinned (hf-fm, `main`)
#              no earlier than 2026-09-22. Each repo's `main` has not changed
#              since before that date (Hub lastModified, read on 2026-09-30), so
#              `main` then = the SHA here. Confirm against a surviving volume's
#              `<dest>/models--*/snapshots/<rev>` before relying on it.
#   unpinned   the fetcher itself takes `main` (fetch-mmaudio.py pins md5s, not
#              revisions). The SHA is today's `main`; its lastModified is before the
#              2026-09-27 fetch, so it is also what the volumes hold (inferred as above).
#              `unknown`: the Hub API answers 307 (repo moved) for this id.
#
# fetcher: hub = scripts/gpu/fetch-hub-tree.py (manifest globs); h3-ref2va =
# fetch-h3-ref2va.py (pins its own revisions); mmaudio = fetch-mmaudio.py.
h3-8step	FastVideo/FastVideo-FastH3-8-Step-V2	3da2ddfe1954d9cda4c05b643dc0f26007a655c5	inferred	hub
h3-base	MiniMaxAI/MiniMax-H3	42ed227ee7df40d41602854ae760620d6eb651fe	recorded	hub
FastH3-4-step-Preview-v1-LoRA	FastVideo/FastVideo-FastH3-4-step-Preview-v1-LoRA	f509e629374cac104e7f62daecce6d1488a3041d	inferred	hub
upscaler	LBH-123-AI/Minimax_h3_latent_Upscaler	3f941d5d182014dd5c0a5e16330420ee2d4aa0c6	recorded	hub
h3-to-ltx	Efficient-Large-Model/H3-to-LTX-Latent-Adapter	1792c42689a0f22de880eaf57a187c6a373a636d	inferred	hub
ltx2	Lightricks/LTX-2	dfcc2108383fe1aaa0584bdf55d368a4bdadd90c	inferred	hub
ltx25	Lightricks/LTX-2.5-Diffusers	426936f8b22dc28e4def61e515478b0b7e4a53cc	inferred	hub
ltx23	FastVideo/LTX-2.3-Distilled-Diffusers	22b09fb1860a944bf10fa21f033d957d9ab9ec20	short	hub
ltx25-dev	Lightricks/LTX-2.5-Diffusers	426936f8b22dc28e4def61e515478b0b7e4a53cc	recorded	hub
ltx25-ic-lora-ingredients	Lightricks/LTX-2.5-22b-IC-LoRA-Ingredients	12040e4091ac2008d3906a594e31a7fb1ab9d546	recorded	hub
hy15-480-t2v	hunyuanvideo-community/HunyuanVideo-1.5-Diffusers-480p_t2v	286be7ce72277246578a3e3cc2487e95ddae5bcf	short	hub
hy15-480-i2v	hunyuanvideo-community/HunyuanVideo-1.5-Diffusers-480p_i2v_step_distilled	854c04a4c8a53d990b418c7478f0802c0fc8c726	short	hub
hy15-720-t2v	hunyuanvideo-community/HunyuanVideo-1.5-Diffusers-720p_t2v	f4dbc4a1efa4ac8ea56680cdf79d9f455105e814	short	hub
hy15-720-i2v	hunyuanvideo-community/HunyuanVideo-1.5-Diffusers-720p_i2v_distilled	a1d10cf3af7978bf090b0ab3d8cd79b143444e23	short	hub
fastwan21-1.3b	FastVideo/FastWan2.1-T2V-1.3B-Diffusers	25e7ed7f41fd8ce2fdd108688c65e8caf0ce3aef	short	hub
wan22-ti2v-5b	Wan-AI/Wan2.2-TI2V-5B-Diffusers	b8fff7315c768468a5333511427288870b2e9635	short	hub
fastwan22-ti2v-5b	FastVideo/FastWan2.2-TI2V-5B-FullAttn-Diffusers	3e187042a324f6f5fb68fd22110a78725253de8f	recorded	hub
wan21-t2v-14b	Wan-AI/Wan2.1-T2V-14B-Diffusers	38ec498cb3208fb688890f8cc7e94ede2cbd7f68	short	hub
sfwan21-1.3b	wlsaidhi/SFWan2.1-T2V-1.3B-Diffusers	4b44356635ae5e927ca552a220f768022be76004	short	hub
auxiliary/upscalers/seedvr2	numz/SeedVR2_comfyUI	09ced71023636e9bc8cdf9cdecfb2625d1e691e8	recorded	hub
auxiliary/upscalers/flashvsr-v1.1	JunhaoZhuang/FlashVSR-v1.1	27561b186ded3402d7c975f4fd722e2885b6135f	recorded	hub
h3-ref2va	MiniMaxAI/MiniMax-H3	42ed227ee7df40d41602854ae760620d6eb651fe	recorded	h3-ref2va
h3-ref2va	lightx2v/Minimax-h3-Turbo	3ec17a324ced54151364f24f8b5fb6bf7e26414f	recorded	h3-ref2va
mmaudio-44k-v2	hkchengrex/MMAudio	eb13a1a98fdbec91753775c57b074ccdfc60587c	unpinned	mmaudio
mmaudio-44k-v2	nvidia/bigvgan_v2_44khz_128band_512x	95a9d1dcb12906c03edd938d77b9333d6ded7dfb	unpinned	mmaudio
mmaudio-44k-v2	apple/DFN5B-CLIP-ViT-H-14-384	unknown	unpinned	mmaudio
