2026/09/28 17:52:32.840, 0 MiB, 0 %
2026/09/28 17:52:37.847, 707 MiB, 0 %
2026/09/28 17:52:42.847, 707 MiB, 0 %
2026/09/28 17:52:47.848, 707 MiB, 0 %
2026/09/28 17:52:52.848, 707 MiB, 0 %
2026/09/28 17:52:57.849, 707 MiB, 0 %
2026/09/28 17:53:02.850, 707 MiB, 0 %
2026/09/28 17:53:07.850, 707 MiB, 0 %
2026/09/28 17:53:12.851, 707 MiB, 0 %
2026/09/28 17:53:17.851, 1475 MiB, 1 %
2026/09/28 17:53:22.852, 4675 MiB, 1 %
2026/09/28 17:53:27.853, 7843 MiB, 2 %
2026/09/28 17:53:32.853, 9539 MiB, 0 %
2026/09/28 17:53:37.854, 12003 MiB, 1 %
2026/09/28 17:53:42.854, 26333 MiB, 91 %
2026/09/28 17:53:47.855, 27770 MiB, 77 %
2026/09/28 17:53:52.856, 27930 MiB, 100 %
2026/09/28 17:53:57.856, 27930 MiB, 100 %
2026/09/28 17:54:02.857, 27930 MiB, 100 %
2026/09/28 17:54:07.858, 27930 MiB, 100 %
2026/09/28 17:54:12.858, 27930 MiB, 100 %
2026/09/28 17:54:17.859, 27930 MiB, 98 %
2026/09/28 17:54:22.859, 27930 MiB, 100 %
2026/09/28 17:54:27.860, 27930 MiB, 100 %
2026/09/28 17:54:32.861, 27930 MiB, 100 %
2026/09/28 17:54:37.861, 27930 MiB, 100 %
2026/09/28 17:54:42.862, 27930 MiB, 100 %
2026/09/28 17:54:47.862, 27962 MiB, 100 %
2026/09/28 17:54:52.863, 27962 MiB, 100 %
2026/09/28 17:54:57.863, 27962 MiB, 100 %
2026/09/28 17:55:02.864, 27962 MiB, 100 %
2026/09/28 17:55:07.864, 27962 MiB, 97 %
2026/09/28 17:55:12.865, 27962 MiB, 100 %
2026/09/28 17:55:17.866, 27962 MiB, 100 %
2026/09/28 17:55:22.866, 27962 MiB, 99 %
2026/09/28 17:55:27.867, 27962 MiB, 100 %
2026/09/28 17:55:32.867, 27962 MiB, 100 %
2026/09/28 17:55:37.868, 27962 MiB, 100 %
2026/09/28 17:55:42.869, 27962 MiB, 100 %
2026/09/28 17:55:47.869, 27994 MiB, 100 %
2026/09/28 17:55:52.870, 27994 MiB, 100 %
2026/09/28 17:55:57.870, 27994 MiB, 96 %
2026/09/28 17:56:02.871, 27994 MiB, 100 %
2026/09/28 17:56:07.872, 27994 MiB, 100 %
2026/09/28 17:56:12.872, 27994 MiB, 99 %
2026/09/28 17:56:17.873, 27994 MiB, 100 %
2026/09/28 17:56:22.873, 27994 MiB, 100 %
2026/09/28 17:56:27.874, 27994 MiB, 100 %
2026/09/28 17:56:32.875, 27994 MiB, 100 %
2026/09/28 17:56:37.875, 27994 MiB, 100 %
2026/09/28 17:56:42.876, 27994 MiB, 100 %
2026/09/28 17:56:47.876, 28026 MiB, 100 %
2026/09/28 17:56:52.877, 28026 MiB, 100 %
2026/09/28 17:56:57.878, 28026 MiB, 100 %
2026/09/28 17:57:02.878, 28026 MiB, 98 %
2026/09/28 17:57:07.879, 28026 MiB, 100 %
2026/09/28 17:57:12.879, 28026 MiB, 100 %
2026/09/28 17:57:17.880, 28026 MiB, 96 %
2026/09/28 17:57:22.881, 28026 MiB, 100 %
2026/09/28 17:57:27.881, 28026 MiB, 100 %
2026/09/28 17:57:32.882, 28026 MiB, 100 %
2026/09/28 17:57:37.882, 28026 MiB, 100 %
2026/09/28 17:57:42.883, 28026 MiB, 100 %
2026/09/28 17:57:47.883, 28026 MiB, 100 %
2026/09/28 17:57:52.884, 28026 MiB, 100 %
2026/09/28 17:57:57.885, 28026 MiB, 100 %
2026/09/28 17:58:02.885, 28026 MiB, 100 %
2026/09/28 17:58:07.886, 28026 MiB, 96 %
2026/09/28 17:58:12.886, 28026 MiB, 100 %
2026/09/28 17:58:17.887, 28026 MiB, 100 %
2026/09/28 17:58:22.887, 28026 MiB, 96 %
2026/09/28 17:58:27.888, 28026 MiB, 100 %
2026/09/28 17:58:32.889, 28026 MiB, 100 %
2026/09/28 17:58:37.889, 28026 MiB, 100 %
2026/09/28 17:58:42.890, 28026 MiB, 100 %
2026/09/28 17:58:47.890, 26935 MiB, 0 %
2026/09/28 17:58:52.891, 26999 MiB, 100 %
2026/09/28 17:58:57.892, 27447 MiB, 100 %
2026/09/28 17:59:02.892, 27447 MiB, 100 %
2026/09/28 17:59:07.893, 27447 MiB, 100 %
2026/09/28 17:59:12.894, 27447 MiB, 100 %
2026/09/28 17:59:17.894, 27479 MiB, 98 %
2026/09/28 17:59:22.895, 27511 MiB, 100 %
2026/09/28 17:59:27.895, 27511 MiB, 0 %
2026/09/28 17:59:32.896, 27761 MiB, 44 %
2026/09/28 17:59:37.897, 27225 MiB, 0 %
