t_s,busy_pct,gemm,attention,norm_elementwise,cast_quant,layout_copy,vae_conv,copies_memset,other
0.0,62.3,56.0,193.5,34.7,7.5,15.7,0.0,4.1,0.0
0.5,99.9,81.8,305.7,61.1,21.2,29.8,0.0,0.1,0.0
1.0,100.0,76.9,299.3,65.9,24.9,32.6,0.0,0.2,0.0
1.5,100.0,78.4,299.1,66.7,23.2,32.3,0.0,0.2,0.0
2.0,100.0,78.0,298.7,71.7,20.7,30.7,0.0,0.2,0.0
2.5,100.0,71.4,315.0,61.7,20.7,31.0,0.0,0.2,0.0
3.0,100.0,70.5,316.8,62.5,20.7,29.3,0.0,0.2,0.0
3.5,100.0,70.6,317.1,62.1,20.7,29.2,0.0,0.2,0.0
4.0,100.0,70.8,316.0,62.8,20.8,29.3,0.0,0.2,0.0
4.5,100.0,71.3,317.0,61.8,20.6,29.2,0.0,0.2,0.0
5.0,100.0,77.0,299.1,65.5,25.3,32.7,0.0,0.2,0.0
5.5,100.0,80.5,296.8,67.3,23.0,32.2,0.0,0.2,0.0
6.0,100.0,79.6,296.1,72.9,20.6,30.5,0.0,0.2,0.0
6.5,100.0,72.9,313.2,61.9,20.7,31.1,0.0,0.2,0.0
7.0,100.0,71.1,315.7,63.0,20.7,29.3,0.0,0.2,0.0
7.5,100.0,93.1,293.9,64.3,18.0,30.4,0.0,0.1,0.0
8.0,93.2,89.7,271.5,53.2,21.8,28.6,0.0,1.2,0.0
8.5,100.0,89.1,307.5,62.2,14.0,27.1,0.0,0.1,0.0
9.0,100.0,77.1,299.4,65.3,25.1,32.8,0.0,0.2,0.0
9.5,100.0,79.1,299.4,66.2,22.8,32.1,0.0,0.2,0.0
10.0,100.0,76.5,300.2,71.6,20.6,30.9,0.0,0.2,0.0
10.5,100.0,71.8,315.6,60.9,20.5,30.9,0.0,0.2,0.0
11.0,100.0,70.6,316.9,62.5,20.5,29.4,0.0,0.2,0.0
11.5,100.0,70.4,317.5,62.0,20.6,29.3,0.0,0.2,0.0
12.0,100.0,70.7,317.1,62.2,20.5,29.3,0.0,0.2,0.0
12.5,100.0,70.9,316.7,62.3,20.7,29.3,0.0,0.2,0.0
13.0,100.0,76.6,299.0,66.2,25.0,32.9,0.0,0.2,0.0
13.5,100.0,80.5,295.8,68.2,23.1,32.1,0.0,0.2,0.0
14.0,100.0,78.9,296.6,72.9,20.5,30.8,0.0,0.2,0.0
14.5,100.0,72.7,313.1,62.4,20.6,31.0,0.0,0.2,0.0
15.0,100.0,71.4,316.8,61.9,20.5,29.2,0.0,0.2,0.0
15.5,100.0,76.2,312.0,63.0,19.1,29.4,0.0,0.2,0.0
16.0,95.0,107.1,250.9,62.2,22.1,32.8,0.0,0.0,0.0
16.5,98.7,92.1,298.6,57.7,17.2,27.0,0.0,1.2,0.0
17.0,100.0,82.1,293.6,68.0,23.6,32.5,0.0,0.2,0.0
17.5,100.0,77.6,300.0,70.8,20.6,30.7,0.0,0.2,0.0
18.0,100.0,71.4,315.3,61.4,20.7,30.9,0.0,0.2,0.0
18.5,100.0,70.1,317.5,61.9,20.8,29.5,0.0,0.2,0.0
19.0,100.0,70.3,319.0,60.6,20.6,29.2,0.0,0.2,0.0
19.5,100.0,70.3,317.2,62.1,20.8,29.4,0.0,0.2,0.0
20.0,100.0,70.6,316.8,62.6,20.7,29.2,0.0,0.2,0.0
20.5,100.0,77.2,297.9,66.8,25.2,32.7,0.0,0.2,0.0
21.0,100.0,79.4,297.8,67.3,23.1,32.2,0.0,0.2,0.0
21.5,100.0,78.9,298.2,72.4,20.7,29.7,0.0,0.2,0.0
22.0,100.0,72.6,313.1,61.5,20.7,31.9,0.0,0.2,0.0
22.5,100.0,71.4,316.8,61.6,20.6,29.3,0.0,0.2,0.0
23.0,100.0,71.1,316.1,62.7,20.8,29.1,0.0,0.2,0.0
23.5,100.0,71.1,316.7,62.0,20.7,29.3,0.0,0.2,0.0
24.0,100.0,110.5,276.0,65.0,17.0,31.4,0.0,0.1,0.0
24.5,93.7,94.8,263.9,56.8,22.2,29.7,0.0,1.2,0.0
25.0,100.0,81.1,297.2,67.2,22.2,32.0,0.0,0.2,0.0
25.5,100.0,77.0,297.5,73.9,20.6,30.8,0.0,0.2,0.0
26.0,100.0,71.3,315.9,61.3,20.5,30.8,0.0,0.2,0.0
26.5,100.0,70.2,317.5,61.9,20.7,29.5,0.0,0.2,0.0
27.0,100.0,70.4,319.0,60.7,20.5,29.2,0.0,0.2,0.0
27.5,100.0,70.4,317.0,62.2,20.7,29.5,0.0,0.2,0.0
28.0,100.0,70.6,317.3,62.1,20.6,29.2,0.0,0.2,0.0
28.5,100.0,77.1,299.1,65.7,25.0,32.7,0.0,0.2,0.0
29.0,100.0,80.4,296.6,67.8,22.9,32.1,0.0,0.2,0.0
29.5,100.0,78.3,299.1,71.3,20.5,30.7,0.0,0.2,0.0
30.0,100.0,72.5,313.2,62.5,20.6,31.0,0.0,0.2,0.0
30.5,100.0,71.2,317.8,61.2,20.5,29.1,0.0,0.2,0.0
31.0,100.0,71.3,316.9,61.8,20.6,29.3,0.0,0.2,0.0
31.5,100.0,71.1,316.6,62.1,20.6,29.4,0.0,0.2,0.0
32.0,100.0,93.3,293.9,64.6,17.9,30.2,0.0,0.1,0.0
32.5,86.6,108.4,159.3,68.1,15.1,56.2,25.9,0.1,0.0
33.0,99.9,171.0,110.1,104.2,1.7,112.9,0.0,0.1,0.0
33.5,99.3,165.3,105.5,104.2,1.5,119.8,0.0,26.7,0.0
34.0,99.9,170.9,110.6,103.9,1.7,112.8,0.0,0.1,0.0
34.5,58.2,84.8,54.2,56.0,0.9,70.3,0.0,25.1,0.0
35.0,0.0,0.0,0.0,0.0,0.0,0.0,0.0,0.0,0.0
35.5,89.5,153.8,99.1,93.3,1.4,100.2,0.0,0.1,0.0
36.0,99.6,163.7,105.6,103.9,1.9,123.2,0.0,2.2,0.0
36.5,99.9,171.2,110.2,104.1,1.7,112.8,0.0,23.0,0.0
37.0,93.4,145.7,93.0,93.2,1.3,109.1,0.0,25.2,0.0
37.5,49.7,85.3,54.5,51.7,0.9,56.1,0.0,0.1,0.0
38.0,99.9,171.1,110.3,104.2,1.7,112.6,0.0,0.1,0.0
38.5,99.7,165.0,106.3,104.4,1.5,121.1,0.0,25.1,0.0
39.0,99.9,171.3,109.9,104.4,1.7,112.6,0.0,0.1,0.0
39.5,81.6,125.7,80.3,80.7,1.3,95.4,0.0,24.9,0.0
40.0,99.9,169.9,110.0,103.2,1.8,115.0,0.0,0.1,0.0
40.5,46.6,63.1,40.0,43.3,0.5,55.7,0.0,32.1,0.0
