t_s,name,category,ms,n
0.0,add_bias_inplace,norm_elementwise,0.0945,3
0.0,cast_bf16_f32_bias_act,cast_quant,0.0303,14
0.0,cast_f32_bf16,cast_quant,0.8499,488
0.0,fa_dc90_fwd_d128,attention,136.3758,158
0.0,fvf_split_heads_rows,layout_copy,1.147,79
0.0,gather_nd,layout_copy,0.6788,3
0.0,lincomb3,norm_elementwise,0.0131,6
0.0,memset,copies_memset,0.1524,158
0.0,mx_binary,norm_elementwise,0.0064,3
0.0,mx_block_copy,layout_copy,11.0946,304
0.0,mx_gather_nd,layout_copy,0.1196,9
0.0,mx_ln_adaln_e,norm_elementwise,2.8268,82
0.0,mx_merge_heads,layout_copy,7.7686,159
0.0,mx_unary,norm_elementwise,14.9365,79
0.0,nvjet_sm90_tst_192x144_64x5_2x1_v_bz_coopB_bias_TNT,gemm,20.031,318
0.0,nvjet_sm90_tst_192x176_64x4_2x1_v_bz_coopB_bias_TNT,gemm,7.2017,79
0.0,nvjet_sm90_tst_192x192_64x4_1x1_h_bz_coopB_bias_TNN,gemm,14.4244,79
0.0,nvjet_sm90_tst_64x56_64x14_1x4_h_bz_bias_TNT,gemm,0.0174,3
0.0,sm80_xmma_fprop_implicit_gemm_f32f32_f32f32_f32_nchwkcrs_nchw_tilesize32x32x8_stage3_warpsize1x2x1_g1_ffma_aligna4_alignc4_execute_kernel__5x_cudnn,vae_conv,0.1614,3
0.0,wan_qk_norm_rope16,norm_elementwise,12.6815,238
0.0,wan_res_gate,norm_elementwise,3.8353,79
0.0,wan_res_ln,norm_elementwise,10.6356,159
0.25,add_bias_inplace,norm_elementwise,2.5747,30
0.25,add_scalar,norm_elementwise,0.0613,1
0.25,block_copy,layout_copy,3.2419,55
0.25,cast_bf16_f32_bias_act,cast_quant,0.0085,4
0.25,cast_f32_bf16,cast_quant,0.5649,340
0.25,clamp_f,norm_elementwise,3.3625,30
0.25,elem_add,norm_elementwise,0.8048,9
0.25,fa_dc90_fwd_d128,attention,96.4964,111
0.25,fvf_split_heads_rows,layout_copy,0.8052,55
0.25,gather_nd,layout_copy,0.2287,1
0.25,lincomb3,norm_elementwise,0.0021,1
0.25,memcpy DtoH,copies_memset,0.837,2
0.25,memcpy HtoD,copies_memset,1.4388,11
0.25,memset,copies_memset,0.1286,133
0.25,mul_scalar,norm_elementwise,0.0619,1
0.25,mx_binary,norm_elementwise,0.0043,2
0.25,mx_block_copy,layout_copy,4.192,126
0.25,mx_gather_nd,layout_copy,0.1191,9
0.25,mx_ln_adaln_e,norm_elementwise,2.0066,57
0.25,mx_merge_heads,layout_copy,5.5265,111
0.25,mx_unary,norm_elementwise,10.7392,56
0.25,nvjet_sm90_tst_192x144_64x5_2x1_v_bz_coopB_bias_TNT,gemm,14.201,222
0.25,nvjet_sm90_tst_192x176_64x4_2x1_v_bz_coopB_bias_TNT,gemm,5.0623,55
0.25,nvjet_sm90_tst_192x192_64x4_1x1_h_bz_coopB_bias_TNN,gemm,10.2998,56
0.25,nvjet_sm90_tst_64x56_64x14_1x4_h_bz_bias_TNT,gemm,0.0117,2
0.25,pack_rgb_u8,layout_copy,0.0337,1
0.25,sm80_xmma_fprop_implicit_gemm_f32f32_f32f32_f32_nchwkcrs_nchw_tilesize32x32x8_stage3_warpsize1x2x1_g1_ffma_aligna4_alignc4_execute_kernel__5x_cudnn,vae_conv,0.121,2
0.25,sm80_xmma_fprop_implicit_gemm_indexed_wo_smem_tf32f32_tf32f32_f32_nhwckrsc_nhwc_tilesize128x16x64_stage1_warpsize4x1x1_g1_tensor16x8x8_alignc4_execute_kernel__5…,vae_conv,1.2922,1
0.25,sm80_xmma_fprop_implicit_gemm_tf32f32_tf32f32_f32_nhwckrsc_nchw_tilesize256x64x32_stage3_warpsize4x2x1_g1_tensor16x8x8_execute_kernel__5x_cudnn,vae_conv,6.1695,11
0.25,sm90_xmma_fprop_implicit_gemm_f32f32_tf32f32_f32_nhwckrsc_nhwc_tilesize128x128x32_warpgroupsize1x1x1_g1_execute_segment_k_off_kernel__5x_cudnn,vae_conv,0.4066,6
0.25,sm90_xmma_fprop_implicit_gemm_f32f32_tf32f32_f32_nhwckrsc_nhwc_tilesize256x128x32_warpgroupsize2x1x1_g1_execute_segment_k_off_kernel__5x_cudnn,vae_conv,0.6485,4
0.25,sm90_xmma_fprop_implicit_gemm_f32f32_tf32f32_f32_nhwckrsc_nhwc_tilesize64x128x32_warpgroupsize1x1x1_g1_execute_segment_k_off_kernel__5x_cudnn,vae_conv,0.813,9
0.25,sm90_xmma_gemm_f32f32_tf32f32_f32_nn_n_tilesize128x128x32_warpgroupsize1x1x1_execute_segment_k_off_kernel__5x_cublas,gemm,0.898,3
0.25,tanh_scaled,norm_elementwise,0.0023,1
0.25,upsample_nearest,vae_conv,1.4194,3
0.25,"cudnn::engines_precompiled::nchwToNhwcKernel<float, float, float, (bool)0, (bool)1, (cudnnKernelDataType_t)0>(cudnn::engines_precompiled::nchw2nhwc_params_t<T3>…",vae_conv,0.6213,38
0.25,"cudnn::engines_precompiled::nchwToNhwcKernel<float, float, float, (bool)0, (bool)1, (cudnnKernelDataType_t)2>(cudnn::engines_precompiled::nchw2nhwc_params_t<T3>…",vae_conv,3.4392,24
0.25,"cudnn::engines_precompiled::nhwcToNchwKernel<float, float, float, (bool)1, (bool)0, (cudnnKernelDataType_t)0>(cudnn::engines_precompiled::nhwc2nchw_params_t<T3>…",vae_conv,0.5854,20
0.25,wan_qk_norm_rope16,norm_elementwise,8.9392,165
0.25,wan_res_gate,norm_elementwise,2.7411,56
0.25,wan_res_ln,norm_elementwise,7.5411,111
0.5,add_bias_inplace,norm_elementwise,0.0948,3
0.5,apply_rotary_bshd,norm_elementwise,0.9165,30
0.5,cast_bf16_f32_bias_act,cast_quant,0.0239,10
0.5,cast_f32_bf16,cast_quant,1.7685,437
0.5,fa_dc90_fwd_d128,attention,116.0039,133
0.5,fvf_split_heads_rows,layout_copy,0.9825,67
0.5,gather_nd,layout_copy,0.6813,3
0.5,lincomb3,norm_elementwise,0.01,4
0.5,memset,copies_memset,0.1118,133
0.5,mx_binary,norm_elementwise,0.0054,2
0.5,mx_block_copy,layout_copy,17.2824,468
0.5,mx_gather_nd,layout_copy,0.0963,7
0.5,mx_ln_adaln_e,norm_elementwise,2.3908,69
0.5,mx_merge_heads,layout_copy,6.4895,132
0.5,mx_unary,norm_elementwise,12.5407,66
0.5,nvjet_sm90_tst_192x144_64x5_2x1_v_bz_coopB_bias_TNT,gemm,16.7018,264
0.5,nvjet_sm90_tst_192x176_64x4_2x1_v_bz_coopB_bias_TNT,gemm,6.1586,67
0.5,nvjet_sm90_tst_192x192_64x4_1x1_h_bz_coopB_bias_TNN,gemm,12.0558,66
0.5,nvjet_sm90_tst_64x56_64x14_1x4_h_bz_bias_TNT,gemm,0.0114,2
0.5,sm80_xmma_fprop_implicit_gemm_f32f32_f32f32_f32_nchwkcrs_nchw_tilesize32x32x8_stage3_warpsize1x2x1_g1_ffma_aligna4_alignc4_execute_kernel__5x_cudnn,vae_conv,0.1617,3
0.5,wan_qk_norm_rope16,norm_elementwise,10.7513,200
0.5,wan_res_gate,norm_elementwise,3.2415,66
0.5,wan_res_ln,norm_elementwise,8.8871,132
0.75,add_bias_inplace,norm_elementwise,0.064,2
0.75,cast_bf16_f32_bias_act,cast_quant,0.0202,8
0.75,cast_f32_bf16,cast_quant,0.915,459
0.75,fa_dc90_fwd_d128,attention,130.842,151
0.75,fvf_split_heads_rows,layout_copy,1.1061,75
0.75,gather_nd,layout_copy,0.4571,2
0.75,lincomb3,norm_elementwise,0.0071,3
0.75,memset,copies_memset,0.1276,150
0.75,mx_binary,norm_elementwise,0.005,2
0.75,mx_block_copy,layout_copy,5.6569,155
0.75,mx_gather_nd,layout_copy,0.0825,6
0.75,mx_ln_adaln_e,norm_elementwise,2.6954,77
0.75,mx_merge_heads,layout_copy,7.4937,151
0.75,mx_unary,norm_elementwise,14.3438,75
0.75,nvjet_sm90_tst_192x144_64x5_2x1_v_bz_coopB_bias_TNT,gemm,19.1268,302
0.75,nvjet_sm90_tst_192x176_64x4_2x1_v_bz_coopB_bias_TNT,gemm,6.9298,75
0.75,nvjet_sm90_tst_192x192_64x4_1x1_h_bz_coopB_bias_TNN,gemm,13.7673,75
0.75,nvjet_sm90_tst_64x56_64x14_1x4_h_bz_bias_TNT,gemm,0.0115,2
0.75,sm80_xmma_fprop_implicit_gemm_f32f32_f32f32_f32_nchwkcrs_nchw_tilesize32x32x8_stage3_warpsize1x2x1_g1_ffma_aligna4_alignc4_execute_kernel__5x_cudnn,vae_conv,0.1089,2
0.75,wan_qk_norm_rope16,norm_elementwise,12.208,226
0.75,wan_res_gate,norm_elementwise,3.6954,75
0.75,wan_res_ln,norm_elementwise,10.2314,151
1.0,add_bias_inplace,norm_elementwise,2.5972,31
1.0,add_scalar,norm_elementwise,0.0611,1
1.0,apply_rotary_bshd,norm_elementwise,0.9173,30
1.0,block_copy,layout_copy,3.2287,55
1.0,cast_bf16_f32_bias_act,cast_quant,0.0139,6
1.0,cast_f32_bf16,cast_quant,1.7084,421
1.0,clamp_f,norm_elementwise,3.3593,30
1.0,elem_add,norm_elementwise,0.8015,9
1.0,fa_dc90_fwd_d128,attention,109.4618,126
1.0,fvf_split_heads_rows,layout_copy,0.9264,63
1.0,gather_nd,layout_copy,0.4559,2
1.0,lincomb3,norm_elementwise,0.0056,2
1.0,memcpy DtoH,copies_memset,6.785,2
1.0,memcpy HtoD,copies_memset,1.5253,11
1.0,memset,copies_memset,0.1249,149
1.0,mul_scalar,norm_elementwise,0.0619,1
1.0,mx_binary,norm_elementwise,0.0052,2
1.0,mx_block_copy,layout_copy,17.0253,471
1.0,mx_gather_nd,layout_copy,0.1335,10
1.0,mx_ln_adaln_e,norm_elementwise,2.2616,65
1.0,mx_merge_heads,layout_copy,6.2664,127
1.0,mx_unary,norm_elementwise,12.1957,64
1.0,nvjet_sm90_tst_192x144_64x5_2x1_v_bz_coopB_bias_TNT,gemm,16.174,254
1.0,nvjet_sm90_tst_192x176_64x4_2x1_v_bz_coopB_bias_TNT,gemm,5.7886,63
1.0,nvjet_sm90_tst_192x192_64x4_1x1_h_bz_coopB_bias_TNN,gemm,11.6874,64
1.0,nvjet_sm90_tst_64x56_64x14_1x4_h_bz_bias_TNT,gemm,0.0113,2
1.0,pack_rgb_u8,layout_copy,0.0337,1
1.0,sm80_xmma_fprop_implicit_gemm_f32f32_f32f32_f32_nchwkcrs_nchw_tilesize32x32x8_stage3_warpsize1x2x1_g1_ffma_aligna4_alignc4_execute_kernel__5x_cudnn,vae_conv,0.1735,3
1.0,sm80_xmma_fprop_implicit_gemm_indexed_wo_smem_tf32f32_tf32f32_f32_nhwckrsc_nhwc_tilesize128x16x64_stage1_warpsize4x1x1_g1_tensor16x8x8_alignc4_execute_kernel__5…,vae_conv,1.2842,1
1.0,sm80_xmma_fprop_implicit_gemm_tf32f32_tf32f32_f32_nhwckrsc_nchw_tilesize256x64x32_stage3_warpsize4x2x1_g1_tensor16x8x8_execute_kernel__5x_cudnn,vae_conv,6.1585,11
1.0,sm90_xmma_fprop_implicit_gemm_f32f32_tf32f32_f32_nhwckrsc_nhwc_tilesize128x128x32_warpgroupsize1x1x1_g1_execute_segment_k_off_kernel__5x_cudnn,vae_conv,0.3975,6
1.0,sm90_xmma_fprop_implicit_gemm_f32f32_tf32f32_f32_nhwckrsc_nhwc_tilesize256x128x32_warpgroupsize2x1x1_g1_execute_segment_k_off_kernel__5x_cudnn,vae_conv,0.646,4
1.0,sm90_xmma_fprop_implicit_gemm_f32f32_tf32f32_f32_nhwckrsc_nhwc_tilesize64x128x32_warpgroupsize1x1x1_g1_execute_segment_k_off_kernel__5x_cudnn,vae_conv,0.8059,9
1.0,sm90_xmma_gemm_f32f32_tf32f32_f32_nn_n_tilesize128x128x32_warpgroupsize1x1x1_execute_segment_k_off_kernel__5x_cublas,gemm,0.901,3
1.0,tanh_scaled,norm_elementwise,0.0024,1
1.0,upsample_nearest,vae_conv,1.419,3
1.0,"cudnn::engines_precompiled::nchwToNhwcKernel<float, float, float, (bool)0, (bool)1, (cudnnKernelDataType_t)0>(cudnn::engines_precompiled::nchw2nhwc_params_t<T3>…",vae_conv,0.6224,38
1.0,"cudnn::engines_precompiled::nchwToNhwcKernel<float, float, float, (bool)0, (bool)1, (cudnnKernelDataType_t)2>(cudnn::engines_precompiled::nchw2nhwc_params_t<T3>…",vae_conv,3.4402,24
1.0,"cudnn::engines_precompiled::nhwcToNchwKernel<float, float, float, (bool)1, (bool)0, (cudnnKernelDataType_t)0>(cudnn::engines_precompiled::nhwc2nchw_params_t<T3>…",vae_conv,0.5846,20
1.0,wan_qk_norm_rope16,norm_elementwise,10.1724,189
1.0,wan_res_gate,norm_elementwise,3.1006,63
1.0,wan_res_ln,norm_elementwise,8.5827,127
1.25,add_bias_inplace,norm_elementwise,0.0963,3
1.25,cast_bf16_f32_bias_act,cast_quant,0.0325,13
1.25,cast_f32_bf16,cast_quant,1.0087,492
1.25,fa_dc90_fwd_d128,attention,141.8364,161
1.25,fvf_split_heads_rows,layout_copy,1.1974,81
1.25,gather_nd,layout_copy,0.6848,3
1.25,lincomb3,norm_elementwise,0.0117,5
1.25,memset,copies_memset,0.1408,161
1.25,mx_binary,norm_elementwise,0.0071,3
1.25,mx_block_copy,layout_copy,6.143,169
1.25,mx_gather_nd,layout_copy,0.1236,9
1.25,mx_ln_adaln_e,norm_elementwise,2.9661,84
1.25,mx_merge_heads,layout_copy,8.003,160
1.25,mx_unary,norm_elementwise,15.389,80
1.25,nvjet_sm90_tst_192x144_64x5_2x1_v_bz_coopB_bias_TNT,gemm,20.4382,320
1.25,nvjet_sm90_tst_192x176_64x4_2x1_v_bz_coopB_bias_TNT,gemm,7.5016,81
1.25,nvjet_sm90_tst_192x192_64x4_1x1_h_bz_coopB_bias_TNN,gemm,14.7299,80
1.25,nvjet_sm90_tst_64x56_64x14_1x4_h_bz_bias_TNT,gemm,0.0172,3
1.25,sm80_xmma_fprop_implicit_gemm_f32f32_f32f32_f32_nchwkcrs_nchw_tilesize32x32x8_stage3_warpsize1x2x1_g1_ffma_aligna4_alignc4_execute_kernel__5x_cudnn,vae_conv,0.1632,3
1.25,wan_qk_norm_rope16,norm_elementwise,13.1891,242
1.25,wan_res_gate,norm_elementwise,4.0063,81
1.25,wan_res_ln,norm_elementwise,10.9243,160
1.5,add_bias_inplace,norm_elementwise,2.6024,31
1.5,add_scalar,norm_elementwise,0.0618,1
1.5,apply_rotary_bshd,norm_elementwise,0.9171,30
1.5,block_copy,layout_copy,3.2348,55
1.5,cast_bf16_f32_bias_act,cast_quant,0.0139,6
1.5,cast_f32_bf16,cast_quant,1.7308,434
1.5,clamp_f,norm_elementwise,3.3589,30
1.5,elem_add,norm_elementwise,0.8034,9
1.5,fa_dc90_fwd_d128,attention,112.8938,131
1.5,fvf_split_heads_rows,layout_copy,0.9547,65
1.5,gather_nd,layout_copy,0.4541,2
1.5,lincomb3,norm_elementwise,0.0055,2
1.5,memcpy DtoH,copies_memset,0.8075,2
1.5,memcpy HtoD,copies_memset,1.4833,11
1.5,memset,copies_memset,0.1309,153
1.5,mul_scalar,norm_elementwise,0.0611,1
1.5,mx_binary,norm_elementwise,0.0049,2
1.5,mx_block_copy,layout_copy,17.2195,475
1.5,mx_gather_nd,layout_copy,0.1339,10
1.5,mx_ln_adaln_e,norm_elementwise,2.3322,67
1.5,mx_merge_heads,layout_copy,6.5147,132
1.5,mx_unary,norm_elementwise,12.3998,65
1.5,nvjet_sm90_tst_192x144_64x5_2x1_v_bz_coopB_bias_TNT,gemm,16.5776,263
1.5,nvjet_sm90_tst_192x176_64x4_2x1_v_bz_coopB_bias_TNT,gemm,5.9683,65
1.5,nvjet_sm90_tst_192x192_64x4_1x1_h_bz_coopB_bias_TNN,gemm,12.0784,66
1.5,nvjet_sm90_tst_64x56_64x14_1x4_h_bz_bias_TNT,gemm,0.0115,2
1.5,pack_rgb_u8,layout_copy,0.0338,1
1.5,sm80_xmma_fprop_implicit_gemm_f32f32_f32f32_f32_nchwkcrs_nchw_tilesize32x32x8_stage3_warpsize1x2x1_g1_ffma_aligna4_alignc4_execute_kernel__5x_cudnn,vae_conv,0.1731,3
1.5,sm80_xmma_fprop_implicit_gemm_indexed_wo_smem_tf32f32_tf32f32_f32_nhwckrsc_nhwc_tilesize128x16x64_stage1_warpsize4x1x1_g1_tensor16x8x8_alignc4_execute_kernel__5…,vae_conv,1.2901,1
1.5,sm80_xmma_fprop_implicit_gemm_tf32f32_tf32f32_f32_nhwckrsc_nchw_tilesize256x64x32_stage3_warpsize4x2x1_g1_tensor16x8x8_execute_kernel__5x_cudnn,vae_conv,6.1623,11
1.5,sm90_xmma_fprop_implicit_gemm_f32f32_tf32f32_f32_nhwckrsc_nhwc_tilesize128x128x32_warpgroupsize1x1x1_g1_execute_segment_k_off_kernel__5x_cudnn,vae_conv,0.3985,6
1.5,sm90_xmma_fprop_implicit_gemm_f32f32_tf32f32_f32_nhwckrsc_nhwc_tilesize256x128x32_warpgroupsize2x1x1_g1_execute_segment_k_off_kernel__5x_cudnn,vae_conv,0.6512,4
1.5,sm90_xmma_fprop_implicit_gemm_f32f32_tf32f32_f32_nhwckrsc_nhwc_tilesize64x128x32_warpgroupsize1x1x1_g1_execute_segment_k_off_kernel__5x_cudnn,vae_conv,0.8155,9
1.5,sm90_xmma_gemm_f32f32_tf32f32_f32_nn_n_tilesize128x128x32_warpgroupsize1x1x1_execute_segment_k_off_kernel__5x_cublas,gemm,0.9004,3
1.5,tanh_scaled,norm_elementwise,0.0025,1
1.5,upsample_nearest,vae_conv,1.4203,3
1.5,"cudnn::engines_precompiled::nchwToNhwcKernel<float, float, float, (bool)0, (bool)1, (cudnnKernelDataType_t)0>(cudnn::engines_precompiled::nchw2nhwc_params_t<T3>…",vae_conv,0.623,38
1.5,"cudnn::engines_precompiled::nchwToNhwcKernel<float, float, float, (bool)0, (bool)1, (cudnnKernelDataType_t)2>(cudnn::engines_precompiled::nchw2nhwc_params_t<T3>…",vae_conv,3.4374,24
1.5,"cudnn::engines_precompiled::nhwcToNchwKernel<float, float, float, (bool)1, (bool)0, (cudnnKernelDataType_t)0>(cudnn::engines_precompiled::nhwc2nchw_params_t<T3>…",vae_conv,0.5841,20
1.5,wan_qk_norm_rope16,norm_elementwise,10.5387,196
1.5,wan_res_gate,norm_elementwise,3.2021,65
1.5,wan_res_ln,norm_elementwise,8.9191,132
1.75,add_bias_inplace,norm_elementwise,0.097,3
1.75,cast_bf16_f32_bias_act,cast_quant,0.0324,13
1.75,cast_f32_bf16,cast_quant,1.0079,492
1.75,fa_dc90_fwd_d128,attention,141.1669,160
1.75,fvf_split_heads_rows,layout_copy,1.1804,80
1.75,gather_nd,layout_copy,0.6896,3
1.75,lincomb3,norm_elementwise,0.012,5
1.75,memset,copies_memset,0.1376,160
1.75,mx_binary,norm_elementwise,0.0073,3
1.75,mx_block_copy,layout_copy,6.0763,167
1.75,mx_gather_nd,layout_copy,0.1249,9
1.75,mx_ln_adaln_e,norm_elementwise,2.9372,83
1.75,mx_merge_heads,layout_copy,8.0178,160
1.75,mx_unary,norm_elementwise,15.6089,81
1.75,nvjet_sm90_tst_192x144_64x5_2x1_v_bz_coopB_bias_TNT,gemm,20.6382,321
1.75,nvjet_sm90_tst_192x176_64x4_2x1_v_bz_coopB_bias_TNT,gemm,7.4256,80
1.75,nvjet_sm90_tst_192x192_64x4_1x1_h_bz_coopB_bias_TNN,gemm,14.7655,80
1.75,nvjet_sm90_tst_64x56_64x14_1x4_h_bz_bias_TNT,gemm,0.0173,3
1.75,sm80_xmma_fprop_implicit_gemm_f32f32_f32f32_f32_nchwkcrs_nchw_tilesize32x32x8_stage3_warpsize1x2x1_g1_ffma_aligna4_alignc4_execute_kernel__5x_cudnn,vae_conv,0.1654,3
1.75,wan_qk_norm_rope16,norm_elementwise,13.0908,240
1.75,wan_res_gate,norm_elementwise,3.971,80
1.75,wan_res_ln,norm_elementwise,10.9353,160
2.0,add_bias_inplace,norm_elementwise,2.6155,31
2.0,add_scalar,norm_elementwise,0.0621,1
2.0,apply_rotary_bshd,norm_elementwise,0.9153,30
2.0,block_copy,layout_copy,3.2544,55
2.0,cast_bf16_f32_bias_act,cast_quant,0.0139,6
2.0,cast_f32_bf16,cast_quant,1.7264,429
2.0,clamp_f,norm_elementwise,3.3706,30
2.0,elem_add,norm_elementwise,0.8044,9
2.0,fa_dc90_fwd_d128,attention,113.7207,130
2.0,fvf_split_heads_rows,layout_copy,0.9591,65
2.0,gather_nd,layout_copy,0.453,2
2.0,lincomb3,norm_elementwise,0.0054,2
2.0,memcpy DtoH,copies_memset,0.7781,2
2.0,memcpy HtoD,copies_memset,1.4989,11
2.0,memset,copies_memset,0.1329,152
2.0,mul_scalar,norm_elementwise,0.0614,1
2.0,mx_binary,norm_elementwise,0.0049,2
2.0,mx_block_copy,layout_copy,17.2289,475
2.0,mx_gather_nd,layout_copy,0.1356,10
2.0,mx_ln_adaln_e,norm_elementwise,2.3457,67
2.0,mx_merge_heads,layout_copy,6.4518,130
2.0,mx_unary,norm_elementwise,12.4567,65
2.0,nvjet_sm90_tst_192x144_64x5_2x1_v_bz_coopB_bias_TNT,gemm,16.3685,259
2.0,nvjet_sm90_tst_192x176_64x4_2x1_v_bz_coopB_bias_TNT,gemm,5.9846,65
2.0,nvjet_sm90_tst_192x192_64x4_1x1_h_bz_coopB_bias_TNN,gemm,11.9207,65
2.0,nvjet_sm90_tst_64x56_64x14_1x4_h_bz_bias_TNT,gemm,0.0115,2
2.0,pack_rgb_u8,layout_copy,0.0345,1
2.0,sm80_xmma_fprop_implicit_gemm_f32f32_f32f32_f32_nchwkcrs_nchw_tilesize32x32x8_stage3_warpsize1x2x1_g1_ffma_aligna4_alignc4_execute_kernel__5x_cudnn,vae_conv,0.1739,3
2.0,sm80_xmma_fprop_implicit_gemm_indexed_wo_smem_tf32f32_tf32f32_f32_nhwckrsc_nhwc_tilesize128x16x64_stage1_warpsize4x1x1_g1_tensor16x8x8_alignc4_execute_kernel__5…,vae_conv,1.3017,1
2.0,sm80_xmma_fprop_implicit_gemm_tf32f32_tf32f32_f32_nhwckrsc_nchw_tilesize256x64x32_stage3_warpsize4x2x1_g1_tensor16x8x8_execute_kernel__5x_cudnn,vae_conv,6.2012,11
2.0,sm90_xmma_fprop_implicit_gemm_f32f32_tf32f32_f32_nhwckrsc_nhwc_tilesize128x128x32_warpgroupsize1x1x1_g1_execute_segment_k_off_kernel__5x_cudnn,vae_conv,0.4029,6
2.0,sm90_xmma_fprop_implicit_gemm_f32f32_tf32f32_f32_nhwckrsc_nhwc_tilesize256x128x32_warpgroupsize2x1x1_g1_execute_segment_k_off_kernel__5x_cudnn,vae_conv,0.6484,4
2.0,sm90_xmma_fprop_implicit_gemm_f32f32_tf32f32_f32_nhwckrsc_nhwc_tilesize64x128x32_warpgroupsize1x1x1_g1_execute_segment_k_off_kernel__5x_cudnn,vae_conv,0.8244,9
2.0,sm90_xmma_gemm_f32f32_tf32f32_f32_nn_n_tilesize128x128x32_warpgroupsize1x1x1_execute_segment_k_off_kernel__5x_cublas,gemm,0.8993,3
2.0,tanh_scaled,norm_elementwise,0.0026,1
2.0,upsample_nearest,vae_conv,1.4298,3
2.0,"cudnn::engines_precompiled::nchwToNhwcKernel<float, float, float, (bool)0, (bool)1, (cudnnKernelDataType_t)0>(cudnn::engines_precompiled::nchw2nhwc_params_t<T3>…",vae_conv,0.6198,38
2.0,"cudnn::engines_precompiled::nchwToNhwcKernel<float, float, float, (bool)0, (bool)1, (cudnnKernelDataType_t)2>(cudnn::engines_precompiled::nchw2nhwc_params_t<T3>…",vae_conv,3.4425,24
2.0,"cudnn::engines_precompiled::nhwcToNchwKernel<float, float, float, (bool)1, (bool)0, (cudnnKernelDataType_t)0>(cudnn::engines_precompiled::nhwc2nchw_params_t<T3>…",vae_conv,0.588,20
2.0,wan_qk_norm_rope16,norm_elementwise,10.559,195
2.0,wan_res_gate,norm_elementwise,3.2167,65
2.0,wan_res_ln,norm_elementwise,8.823,130
2.25,add_bias_inplace,norm_elementwise,0.0969,3
2.25,cast_bf16_f32_bias_act,cast_quant,0.0321,13
2.25,cast_f32_bf16,cast_quant,1.0101,493
2.25,fa_dc90_fwd_d128,attention,140.8599,160
2.25,fvf_split_heads_rows,layout_copy,1.1986,81
2.25,gather_nd,layout_copy,0.6881,3
2.25,lincomb3,norm_elementwise,0.0121,5
2.25,memset,copies_memset,0.1396,161
2.25,mx_binary,norm_elementwise,0.0072,3
2.25,mx_block_copy,layout_copy,6.112,168
2.25,mx_gather_nd,layout_copy,0.1241,9
2.25,mx_ln_adaln_e,norm_elementwise,2.9709,84
2.25,mx_merge_heads,layout_copy,8.0256,160
2.25,mx_unary,norm_elementwise,15.4225,80
2.25,nvjet_sm90_tst_192x144_64x5_2x1_v_bz_coopB_bias_TNT,gemm,20.6393,321
2.25,nvjet_sm90_tst_192x176_64x4_2x1_v_bz_coopB_bias_TNT,gemm,7.5144,81
2.25,nvjet_sm90_tst_192x192_64x4_1x1_h_bz_coopB_bias_TNN,gemm,14.7515,80
2.25,nvjet_sm90_tst_64x56_64x14_1x4_h_bz_bias_TNT,gemm,0.0173,3
2.25,sm80_xmma_fprop_implicit_gemm_f32f32_f32f32_f32_nchwkcrs_nchw_tilesize32x32x8_stage3_warpsize1x2x1_g1_ffma_aligna4_alignc4_execute_kernel__5x_cudnn,vae_conv,0.1645,3
2.25,wan_qk_norm_rope16,norm_elementwise,13.2332,242
2.25,wan_res_gate,norm_elementwise,4.0207,81
2.25,wan_res_ln,norm_elementwise,10.9488,160
2.5,add_bias_inplace,norm_elementwise,2.621,31
2.5,add_scalar,norm_elementwise,0.0613,1
2.5,apply_rotary_bshd,norm_elementwise,0.9219,30
2.5,block_copy,layout_copy,3.2652,55
2.5,cast_bf16_f32_bias_act,cast_quant,0.0136,6
2.5,cast_f32_bf16,cast_quant,1.7264,430
2.5,clamp_f,norm_elementwise,3.3651,30
2.5,elem_add,norm_elementwise,0.8057,9
2.5,fa_dc90_fwd_d128,attention,114.8704,131
2.5,fvf_split_heads_rows,layout_copy,0.9555,65
2.5,gather_nd,layout_copy,0.4523,2
2.5,lincomb3,norm_elementwise,0.0053,2
2.5,memcpy DtoH,copies_memset,0.7844,2
2.5,memcpy HtoD,copies_memset,1.4877,11
2.5,memset,copies_memset,0.1305,152
2.5,mul_scalar,norm_elementwise,0.0621,1
2.5,mx_binary,norm_elementwise,0.0047,2
2.5,mx_block_copy,layout_copy,17.2096,476
2.5,mx_gather_nd,layout_copy,0.1341,10
2.5,mx_ln_adaln_e,norm_elementwise,2.3253,67
2.5,mx_merge_heads,layout_copy,6.4024,130
2.5,mx_unary,norm_elementwise,12.3807,65
2.5,nvjet_sm90_tst_192x144_64x5_2x1_v_bz_coopB_bias_TNT,gemm,16.4516,260
2.5,nvjet_sm90_tst_192x176_64x4_2x1_v_bz_coopB_bias_TNT,gemm,5.9539,65
2.5,nvjet_sm90_tst_192x192_64x4_1x1_h_bz_coopB_bias_TNN,gemm,11.8706,65
2.5,nvjet_sm90_tst_64x56_64x14_1x4_h_bz_bias_TNT,gemm,0.0112,2
2.5,pack_rgb_u8,layout_copy,0.0345,1
2.5,sm80_xmma_fprop_implicit_gemm_f32f32_f32f32_f32_nchwkcrs_nchw_tilesize32x32x8_stage3_warpsize1x2x1_g1_ffma_aligna4_alignc4_execute_kernel__5x_cudnn,vae_conv,0.1733,3
2.5,sm80_xmma_fprop_implicit_gemm_indexed_wo_smem_tf32f32_tf32f32_f32_nhwckrsc_nhwc_tilesize128x16x64_stage1_warpsize4x1x1_g1_tensor16x8x8_alignc4_execute_kernel__5…,vae_conv,1.3024,1
2.5,sm80_xmma_fprop_implicit_gemm_tf32f32_tf32f32_f32_nhwckrsc_nchw_tilesize256x64x32_stage3_warpsize4x2x1_g1_tensor16x8x8_execute_kernel__5x_cudnn,vae_conv,6.2325,11
2.5,sm90_xmma_fprop_implicit_gemm_f32f32_tf32f32_f32_nhwckrsc_nhwc_tilesize128x128x32_warpgroupsize1x1x1_g1_execute_segment_k_off_kernel__5x_cudnn,vae_conv,0.4019,6
2.5,sm90_xmma_fprop_implicit_gemm_f32f32_tf32f32_f32_nhwckrsc_nhwc_tilesize256x128x32_warpgroupsize2x1x1_g1_execute_segment_k_off_kernel__5x_cudnn,vae_conv,0.653,4
2.5,sm90_xmma_fprop_implicit_gemm_f32f32_tf32f32_f32_nhwckrsc_nhwc_tilesize64x128x32_warpgroupsize1x1x1_g1_execute_segment_k_off_kernel__5x_cudnn,vae_conv,0.825,9
2.5,sm90_xmma_gemm_f32f32_tf32f32_f32_nn_n_tilesize128x128x32_warpgroupsize1x1x1_execute_segment_k_off_kernel__5x_cublas,gemm,0.9022,3
2.5,tanh_scaled,norm_elementwise,0.0028,1
2.5,upsample_nearest,vae_conv,1.4277,3
2.5,"cudnn::engines_precompiled::nchwToNhwcKernel<float, float, float, (bool)0, (bool)1, (cudnnKernelDataType_t)0>(cudnn::engines_precompiled::nchw2nhwc_params_t<T3>…",vae_conv,0.6248,38
2.5,"cudnn::engines_precompiled::nchwToNhwcKernel<float, float, float, (bool)0, (bool)1, (cudnnKernelDataType_t)2>(cudnn::engines_precompiled::nchw2nhwc_params_t<T3>…",vae_conv,3.4397,24
2.5,"cudnn::engines_precompiled::nhwcToNchwKernel<float, float, float, (bool)1, (bool)0, (cudnnKernelDataType_t)0>(cudnn::engines_precompiled::nhwc2nchw_params_t<T3>…",vae_conv,0.5871,20
2.5,wan_qk_norm_rope16,norm_elementwise,10.4866,195
2.5,wan_res_gate,norm_elementwise,3.2045,65
2.5,wan_res_ln,norm_elementwise,8.7608,130
2.75,add_bias_inplace,norm_elementwise,0.0965,3
2.75,cast_bf16_f32_bias_act,cast_quant,0.0324,13
2.75,cast_f32_bf16,cast_quant,1.0043,491
2.75,fa_dc90_fwd_d128,attention,140.9896,160
2.75,fvf_split_heads_rows,layout_copy,1.1857,80
2.75,gather_nd,layout_copy,0.6886,3
2.75,lincomb3,norm_elementwise,0.0118,5
2.75,memset,copies_memset,0.1386,160
2.75,mx_binary,norm_elementwise,0.0076,3
2.75,mx_block_copy,layout_copy,6.0765,167
2.75,mx_gather_nd,layout_copy,0.1245,9
2.75,mx_ln_adaln_e,norm_elementwise,2.9346,83
2.75,mx_merge_heads,layout_copy,8.0206,160
2.75,mx_unary,norm_elementwise,15.4129,80
2.75,nvjet_sm90_tst_192x144_64x5_2x1_v_bz_coopB_bias_TNT,gemm,20.4877,320
2.75,nvjet_sm90_tst_192x176_64x4_2x1_v_bz_coopB_bias_TNT,gemm,7.4348,80
2.75,nvjet_sm90_tst_192x192_64x4_1x1_h_bz_coopB_bias_TNN,gemm,14.7789,80
2.75,nvjet_sm90_tst_64x56_64x14_1x4_h_bz_bias_TNT,gemm,0.0175,3
2.75,sm80_xmma_fprop_implicit_gemm_f32f32_f32f32_f32_nchwkcrs_nchw_tilesize32x32x8_stage3_warpsize1x2x1_g1_ffma_aligna4_alignc4_execute_kernel__5x_cudnn,vae_conv,0.1654,3
2.75,wan_qk_norm_rope16,norm_elementwise,13.1001,240
2.75,wan_res_gate,norm_elementwise,3.9697,80
2.75,wan_res_ln,norm_elementwise,10.947,160
3.0,add_bias_inplace,norm_elementwise,2.6239,31
3.0,add_scalar,norm_elementwise,0.0622,1
3.0,apply_rotary_bshd,norm_elementwise,0.9239,30
3.0,block_copy,layout_copy,3.2643,55
3.0,cast_bf16_f32_bias_act,cast_quant,0.0137,6
3.0,cast_f32_bf16,cast_quant,1.7094,418
3.0,clamp_f,norm_elementwise,3.3703,30
3.0,elem_add,norm_elementwise,0.8064,9
3.0,fa_dc90_fwd_d128,attention,110.1413,126
3.0,fvf_split_heads_rows,layout_copy,0.9278,63
3.0,gather_nd,layout_copy,0.4539,2
3.0,lincomb3,norm_elementwise,0.0054,2
3.0,memcpy DtoH,copies_memset,6.8867,2
3.0,memcpy HtoD,copies_memset,1.4628,11
3.0,memset,copies_memset,0.128,148
3.0,mul_scalar,norm_elementwise,0.0615,1
3.0,mx_binary,norm_elementwise,0.0047,2
3.0,mx_block_copy,layout_copy,17.0509,471
3.0,mx_gather_nd,layout_copy,0.1341,10
3.0,mx_ln_adaln_e,norm_elementwise,2.2731,65
3.0,mx_merge_heads,layout_copy,6.2456,126
3.0,mx_unary,norm_elementwise,12.0588,63
3.0,nvjet_sm90_tst_192x144_64x5_2x1_v_bz_coopB_bias_TNT,gemm,16.0008,252
3.0,nvjet_sm90_tst_192x176_64x4_2x1_v_bz_coopB_bias_TNT,gemm,5.7966,63
3.0,nvjet_sm90_tst_192x192_64x4_1x1_h_bz_coopB_bias_TNN,gemm,11.5112,63
3.0,nvjet_sm90_tst_64x56_64x14_1x4_h_bz_bias_TNT,gemm,0.0113,2
3.0,pack_rgb_u8,layout_copy,0.0337,1
3.0,sm80_xmma_fprop_implicit_gemm_f32f32_f32f32_f32_nchwkcrs_nchw_tilesize32x32x8_stage3_warpsize1x2x1_g1_ffma_aligna4_alignc4_execute_kernel__5x_cudnn,vae_conv,0.1733,3
3.0,sm80_xmma_fprop_implicit_gemm_indexed_wo_smem_tf32f32_tf32f32_f32_nhwckrsc_nhwc_tilesize128x16x64_stage1_warpsize4x1x1_g1_tensor16x8x8_alignc4_execute_kernel__5…,vae_conv,1.3018,1
3.0,sm80_xmma_fprop_implicit_gemm_tf32f32_tf32f32_f32_nhwckrsc_nchw_tilesize256x64x32_stage3_warpsize4x2x1_g1_tensor16x8x8_execute_kernel__5x_cudnn,vae_conv,6.2376,11
3.0,sm90_xmma_fprop_implicit_gemm_f32f32_tf32f32_f32_nhwckrsc_nhwc_tilesize128x128x32_warpgroupsize1x1x1_g1_execute_segment_k_off_kernel__5x_cudnn,vae_conv,0.404,6
3.0,sm90_xmma_fprop_implicit_gemm_f32f32_tf32f32_f32_nhwckrsc_nhwc_tilesize256x128x32_warpgroupsize2x1x1_g1_execute_segment_k_off_kernel__5x_cudnn,vae_conv,0.6522,4
3.0,sm90_xmma_fprop_implicit_gemm_f32f32_tf32f32_f32_nhwckrsc_nhwc_tilesize64x128x32_warpgroupsize1x1x1_g1_execute_segment_k_off_kernel__5x_cudnn,vae_conv,0.8245,9
3.0,sm90_xmma_gemm_f32f32_tf32f32_f32_nn_n_tilesize128x128x32_warpgroupsize1x1x1_execute_segment_k_off_kernel__5x_cublas,gemm,0.9001,3
3.0,tanh_scaled,norm_elementwise,0.0025,1
3.0,upsample_nearest,vae_conv,1.4497,3
3.0,"cudnn::engines_precompiled::nchwToNhwcKernel<float, float, float, (bool)0, (bool)1, (cudnnKernelDataType_t)0>(cudnn::engines_precompiled::nchw2nhwc_params_t<T3>…",vae_conv,0.6222,38
3.0,"cudnn::engines_precompiled::nchwToNhwcKernel<float, float, float, (bool)0, (bool)1, (cudnnKernelDataType_t)2>(cudnn::engines_precompiled::nchw2nhwc_params_t<T3>…",vae_conv,3.4411,24
3.0,"cudnn::engines_precompiled::nhwcToNchwKernel<float, float, float, (bool)1, (bool)0, (cudnnKernelDataType_t)0>(cudnn::engines_precompiled::nhwc2nchw_params_t<T3>…",vae_conv,0.5881,20
3.0,wan_qk_norm_rope16,norm_elementwise,10.2137,189
3.0,wan_res_gate,norm_elementwise,3.1139,63
3.0,wan_res_ln,norm_elementwise,8.541,126
3.25,add_bias_inplace,norm_elementwise,0.0638,2
3.25,cast_bf16_f32_bias_act,cast_quant,0.025,10
3.25,cast_f32_bf16,cast_quant,0.982,494
3.25,fa_dc90_fwd_d128,attention,141.7645,162
3.25,fvf_split_heads_rows,layout_copy,1.1925,81
3.25,gather_nd,layout_copy,0.4583,2
3.25,lincomb3,norm_elementwise,0.0093,4
3.25,memset,copies_memset,0.1402,162
3.25,mx_binary,norm_elementwise,0.0049,2
3.25,mx_block_copy,layout_copy,6.107,166
3.25,mx_gather_nd,layout_copy,0.0829,6
3.25,mx_ln_adaln_e,norm_elementwise,2.9137,83
3.25,mx_merge_heads,layout_copy,8.0564,162
3.25,mx_unary,norm_elementwise,15.5183,81
3.25,nvjet_sm90_tst_192x144_64x5_2x1_v_bz_coopB_bias_TNT,gemm,20.6489,324
3.25,nvjet_sm90_tst_192x176_64x4_2x1_v_bz_coopB_bias_TNT,gemm,7.4807,81
3.25,nvjet_sm90_tst_192x192_64x4_1x1_h_bz_coopB_bias_TNN,gemm,14.9004,81
3.25,nvjet_sm90_tst_64x56_64x14_1x4_h_bz_bias_TNT,gemm,0.0115,2
3.25,sm80_xmma_fprop_implicit_gemm_f32f32_f32f32_f32_nchwkcrs_nchw_tilesize32x32x8_stage3_warpsize1x2x1_g1_ffma_aligna4_alignc4_execute_kernel__5x_cudnn,vae_conv,0.1086,2
3.25,wan_qk_norm_rope16,norm_elementwise,13.1869,243
3.25,wan_res_gate,norm_elementwise,4.0069,81
3.25,wan_res_ln,norm_elementwise,11.0132,162
3.5,add_bias_inplace,norm_elementwise,11.7994,113
3.5,add_scalar,norm_elementwise,0.2097,3
3.5,block_copy,layout_copy,16.0552,217
3.5,cast_bf16_f32_bias_act,cast_quant,0.0168,7
3.5,cast_f32_bf16,cast_quant,0.4276,213
3.5,clamp_f,norm_elementwise,14.3701,115
3.5,elem_add,norm_elementwise,3.7336,35
3.5,fa_dc90_fwd_d128,attention,59.6263,69
3.5,fvf_split_heads_rows,layout_copy,0.5024,34
3.5,gather_nd,layout_copy,0.2292,1
3.5,lincomb3,norm_elementwise,0.0026,1
3.5,memcpy DtoH,copies_memset,0.7901,2
3.5,memcpy HtoD,copies_memset,11.5447,13
3.5,memset,copies_memset,0.1168,129
3.5,mul_scalar,norm_elementwise,0.2104,3
3.5,mx_binary,norm_elementwise,0.0049,2
3.5,mx_block_copy,layout_copy,2.6127,81
3.5,mx_gather_nd,layout_copy,0.1253,9
3.5,mx_ln_adaln_e,norm_elementwise,1.2717,36
3.5,mx_merge_heads,layout_copy,3.501,70
3.5,mx_unary,norm_elementwise,6.7259,35
3.5,nvjet_sm90_tst_192x144_64x5_2x1_v_bz_coopB_bias_TNT,gemm,8.9392,140
3.5,nvjet_sm90_tst_192x176_64x4_2x1_v_bz_coopB_bias_TNT,gemm,3.1529,34
3.5,nvjet_sm90_tst_192x192_64x4_1x1_h_bz_coopB_bias_TNN,gemm,6.4604,35
3.5,nvjet_sm90_tst_64x56_64x14_1x4_h_bz_bias_TNT,gemm,0.0115,2
3.5,pack_rgb_u8,layout_copy,0.0338,1
3.5,sm80_xmma_fprop_implicit_gemm_f32f32_f32f32_f32_nchwkcrs_nchw_tilesize32x32x8_stage3_warpsize1x2x1_g1_ffma_aligna4_alignc4_execute_kernel__5x_cudnn,vae_conv,0.375,5
3.5,sm80_xmma_fprop_implicit_gemm_indexed_wo_smem_tf32f32_tf32f32_f32_nhwckrsc_nhwc_tilesize128x16x64_stage1_warpsize4x1x1_g1_tensor16x8x8_alignc4_execute_kernel__5…,vae_conv,4.6943,3
3.5,sm80_xmma_fprop_implicit_gemm_tf32f32_tf32f32_f32_nhwckrsc_nchw_tilesize256x64x32_stage3_warpsize4x2x1_g1_tensor16x8x8_execute_kernel__5x_cudnn,vae_conv,26.4094,41
3.5,sm90_xmma_fprop_implicit_gemm_f32f32_tf32f32_f32_nhwckrsc_nhwc_tilesize128x128x32_warpgroupsize1x1x1_g1_execute_segment_k_off_kernel__5x_cudnn,vae_conv,3.9192,36
3.5,sm90_xmma_fprop_implicit_gemm_f32f32_tf32f32_f32_nhwckrsc_nhwc_tilesize256x128x32_warpgroupsize2x1x1_g1_execute_segment_k_off_kernel__5x_cudnn,vae_conv,0.6484,4
3.5,sm90_xmma_fprop_implicit_gemm_f32f32_tf32f32_f32_nhwckrsc_nhwc_tilesize256x128x32_warpgroupsize2x1x1_g1_execute_segment_k_on_kernel__5x_cudnn,vae_conv,2.8556,27
3.5,sm90_xmma_fprop_implicit_gemm_f32f32_tf32f32_f32_nhwckrsc_nhwc_tilesize64x128x32_warpgroupsize1x1x1_g1_execute_segment_k_off_kernel__5x_cudnn,vae_conv,0.8192,9
3.5,sm90_xmma_gemm_f32f32_tf32f32_f32_nn_n_tilesize128x128x32_warpgroupsize1x1x1_execute_segment_k_off_kernel__5x_cublas,gemm,3.5819,11
3.5,tanh_scaled,norm_elementwise,0.0112,4
3.5,upsample_nearest,vae_conv,5.6447,11
3.5,cask_plugin__5x_cudnn::xmma__5x_cudnn::init_device_workspace_kernel<xmma__5x_cudnn::implicit_gemm::fprop::Warp_specialized_params_non_template<xmma__5x_cudnn::G…,vae_conv,0.0662,27
3.5,"cudnn::engines_precompiled::nchwToNhwcKernel<float, float, float, (bool)0, (bool)1, (cudnnKernelDataType_t)0>(cudnn::engines_precompiled::nchw2nhwc_params_t<T3>…",vae_conv,3.0523,152
3.5,"cudnn::engines_precompiled::nchwToNhwcKernel<float, float, float, (bool)0, (bool)1, (cudnnKernelDataType_t)2>(cudnn::engines_precompiled::nchw2nhwc_params_t<T3>…",vae_conv,14.3953,88
3.5,"cudnn::engines_precompiled::nhwcToNchwKernel<float, float, float, (bool)1, (bool)0, (cudnnKernelDataType_t)0>(cudnn::engines_precompiled::nhwc2nchw_params_t<T3>…",vae_conv,2.6381,79
3.5,wan_qk_norm_rope16,norm_elementwise,5.5962,103
3.5,wan_res_gate,norm_elementwise,1.7365,35
3.5,wan_res_ln,norm_elementwise,4.7863,70
3.75,add_bias_inplace,norm_elementwise,0.9508,6
3.75,add_scalar,norm_elementwise,0.0817,1
3.75,apply_rotary_bshd,norm_elementwise,0.9182,30
3.75,block_copy,layout_copy,0.3455,5
3.75,cast_bf16_f32_bias_act,cast_quant,0.0118,5
3.75,cast_f32_bf16,cast_quant,1.5879,358
3.75,clamp_f,norm_elementwise,2.4367,5
3.75,elem_add,norm_elementwise,0.2524,1
3.75,fa_dc90_fwd_d128,attention,93.3844,107
3.75,fvf_split_heads_rows,layout_copy,0.7901,54
3.75,gather_nd,layout_copy,3.4449,4
3.75,lincomb3,norm_elementwise,0.0054,2
3.75,memcpy DtoH,copies_memset,1.2058,1
3.75,memcpy HtoD,copies_memset,1.4747,10
3.75,memset,copies_memset,0.0937,108
3.75,mul_scalar,norm_elementwise,0.0816,1
3.75,mx_binary,norm_elementwise,0.0028,1
3.75,mx_block_copy,layout_copy,16.3132,450
3.75,mx_gather_nd,layout_copy,0.0932,7
3.75,mx_ln_adaln_e,norm_elementwise,1.8959,55
3.75,mx_merge_heads,layout_copy,5.1864,106
3.75,mx_unary,norm_elementwise,10.0347,53
3.75,nvjet_sm90_tst_192x144_64x5_2x1_v_bz_coopB_bias_TNT,gemm,13.3921,212
3.75,nvjet_sm90_tst_192x176_64x4_2x1_v_bz_coopB_bias_TNT,gemm,4.9461,54
3.75,nvjet_sm90_tst_192x192_64x4_1x1_h_bz_coopB_bias_TNN,gemm,9.6639,53
3.75,nvjet_sm90_tst_64x56_64x14_1x4_h_bz_bias_TNT,gemm,0.0057,1
3.75,pack_rgb_u8,layout_copy,0.0337,1
3.75,sm80_xmma_fprop_implicit_gemm_f32f32_f32f32_f32_nchwkcrs_nchw_tilesize32x32x8_stage3_warpsize1x2x1_g1_ffma_aligna4_alignc4_execute_kernel__5x_cudnn,vae_conv,0.1064,2
3.75,sm80_xmma_fprop_implicit_gemm_indexed_wo_smem_tf32f32_tf32f32_f32_nhwckrsc_nhwc_tilesize128x16x64_stage1_warpsize4x1x1_g1_tensor16x8x8_alignc4_execute_kernel__5…,vae_conv,1.6905,1
3.75,sm80_xmma_fprop_implicit_gemm_tf32f32_tf32f32_f32_nhwckrsc_nchw_tilesize256x64x32_stage3_warpsize4x2x1_g1_tensor16x8x8_execute_kernel__5x_cudnn,vae_conv,3.8068,3
3.75,sm90_xmma_gemm_f32f32_tf32f32_f32_nn_n_tilesize128x128x32_warpgroupsize1x1x1_execute_segment_k_off_kernel__5x_cublas,gemm,0.8854,1
3.75,upsample_nearest,vae_conv,1.3463,1
3.75,"cudnn::engines_precompiled::nchwToNhwcKernel<float, float, float, (bool)0, (bool)1, (cudnnKernelDataType_t)2>(cudnn::engines_precompiled::nchw2nhwc_params_t<T3>…",vae_conv,2.7507,8
3.75,"cudnn::engines_precompiled::nhwcToNchwKernel<float, float, float, (bool)1, (bool)0, (cudnnKernelDataType_t)0>(cudnn::engines_precompiled::nhwc2nchw_params_t<T3>…",vae_conv,0.2786,1
3.75,wan_qk_norm_rope16,norm_elementwise,8.6245,161
3.75,wan_res_gate,norm_elementwise,2.597,53
3.75,wan_res_ln,norm_elementwise,7.1119,106
4.0,add_bias_inplace,norm_elementwise,0.0963,3
4.0,cast_bf16_f32_bias_act,cast_quant,0.032,13
4.0,cast_f32_bf16,cast_quant,1.0094,495
4.0,fa_dc90_fwd_d128,attention,140.0295,161
4.0,fvf_split_heads_rows,layout_copy,1.1798,80
4.0,gather_nd,layout_copy,0.6871,3
4.0,lincomb3,norm_elementwise,0.0121,5
4.0,memset,copies_memset,0.1391,161
4.0,mx_binary,norm_elementwise,0.0071,3
4.0,mx_block_copy,layout_copy,6.0529,167
4.0,mx_gather_nd,layout_copy,0.1235,9
4.0,mx_ln_adaln_e,norm_elementwise,2.9188,83
4.0,mx_merge_heads,layout_copy,8.0717,162
4.0,mx_unary,norm_elementwise,15.541,81
4.0,nvjet_sm90_tst_192x144_64x5_2x1_v_bz_coopB_bias_TNT,gemm,20.5022,323
4.0,nvjet_sm90_tst_192x176_64x4_2x1_v_bz_coopB_bias_TNT,gemm,7.3965,80
4.0,nvjet_sm90_tst_192x192_64x4_1x1_h_bz_coopB_bias_TNN,gemm,14.9202,81
4.0,nvjet_sm90_tst_64x56_64x14_1x4_h_bz_bias_TNT,gemm,0.0171,3
4.0,sm80_xmma_fprop_implicit_gemm_f32f32_f32f32_f32_nchwkcrs_nchw_tilesize32x32x8_stage3_warpsize1x2x1_g1_ffma_aligna4_alignc4_execute_kernel__5x_cudnn,vae_conv,0.1633,3
4.0,wan_qk_norm_rope16,norm_elementwise,13.067,241
4.0,wan_res_gate,norm_elementwise,3.9557,80
4.0,wan_res_ln,norm_elementwise,11.0293,162
4.25,add_bias_inplace,norm_elementwise,2.6028,31
4.25,add_scalar,norm_elementwise,0.0612,1
4.25,apply_rotary_bshd,norm_elementwise,0.9209,30
4.25,block_copy,layout_copy,3.233,55
4.25,cast_bf16_f32_bias_act,cast_quant,0.0135,6
4.25,cast_f32_bf16,cast_quant,1.7294,432
4.25,clamp_f,norm_elementwise,3.3605,30
4.25,elem_add,norm_elementwise,0.8026,9
4.25,fa_dc90_fwd_d128,attention,114.3803,131
4.25,fvf_split_heads_rows,layout_copy,0.9688,66
4.25,gather_nd,layout_copy,0.4526,2
4.25,lincomb3,norm_elementwise,0.0056,2
4.25,memcpy DtoH,copies_memset,0.7916,2
4.25,memcpy HtoD,copies_memset,1.4494,11
4.25,memset,copies_memset,0.134,153
4.25,mul_scalar,norm_elementwise,0.062,1
4.25,mx_binary,norm_elementwise,0.0053,2
4.25,mx_block_copy,layout_copy,17.2368,477
4.25,mx_gather_nd,layout_copy,0.134,10
4.25,mx_ln_adaln_e,norm_elementwise,2.3576,68
4.25,mx_merge_heads,layout_copy,6.3878,130
4.25,mx_unary,norm_elementwise,12.3475,65
4.25,nvjet_sm90_tst_192x144_64x5_2x1_v_bz_coopB_bias_TNT,gemm,16.6076,261
4.25,nvjet_sm90_tst_192x176_64x4_2x1_v_bz_coopB_bias_TNT,gemm,6.0458,66
4.25,nvjet_sm90_tst_192x192_64x4_1x1_h_bz_coopB_bias_TNN,gemm,11.8734,65
4.25,nvjet_sm90_tst_64x56_64x14_1x4_h_bz_bias_TNT,gemm,0.0114,2
4.25,pack_rgb_u8,layout_copy,0.0337,1
4.25,sm80_xmma_fprop_implicit_gemm_f32f32_f32f32_f32_nchwkcrs_nchw_tilesize32x32x8_stage3_warpsize1x2x1_g1_ffma_aligna4_alignc4_execute_kernel__5x_cudnn,vae_conv,0.1729,3
4.25,sm80_xmma_fprop_implicit_gemm_indexed_wo_smem_tf32f32_tf32f32_f32_nhwckrsc_nhwc_tilesize128x16x64_stage1_warpsize4x1x1_g1_tensor16x8x8_alignc4_execute_kernel__5…,vae_conv,1.2923,1
4.25,sm80_xmma_fprop_implicit_gemm_tf32f32_tf32f32_f32_nhwckrsc_nchw_tilesize256x64x32_stage3_warpsize4x2x1_g1_tensor16x8x8_execute_kernel__5x_cudnn,vae_conv,6.1354,11
4.25,sm90_xmma_fprop_implicit_gemm_f32f32_tf32f32_f32_nhwckrsc_nhwc_tilesize128x128x32_warpgroupsize1x1x1_g1_execute_segment_k_off_kernel__5x_cudnn,vae_conv,0.4179,6
4.25,sm90_xmma_fprop_implicit_gemm_f32f32_tf32f32_f32_nhwckrsc_nhwc_tilesize256x128x32_warpgroupsize2x1x1_g1_execute_segment_k_off_kernel__5x_cudnn,vae_conv,0.6494,4
4.25,sm90_xmma_fprop_implicit_gemm_f32f32_tf32f32_f32_nhwckrsc_nhwc_tilesize64x128x32_warpgroupsize1x1x1_g1_execute_segment_k_off_kernel__5x_cudnn,vae_conv,0.8655,9
4.25,sm90_xmma_gemm_f32f32_tf32f32_f32_nn_n_tilesize128x128x32_warpgroupsize1x1x1_execute_segment_k_off_kernel__5x_cublas,gemm,0.9014,3
4.25,tanh_scaled,norm_elementwise,0.0027,1
4.25,upsample_nearest,vae_conv,1.4157,3
4.25,"cudnn::engines_precompiled::nchwToNhwcKernel<float, float, float, (bool)0, (bool)1, (cudnnKernelDataType_t)0>(cudnn::engines_precompiled::nchw2nhwc_params_t<T3>…",vae_conv,0.6249,38
4.25,"cudnn::engines_precompiled::nchwToNhwcKernel<float, float, float, (bool)0, (bool)1, (cudnnKernelDataType_t)2>(cudnn::engines_precompiled::nchw2nhwc_params_t<T3>…",vae_conv,3.4435,24
4.25,"cudnn::engines_precompiled::nhwcToNchwKernel<float, float, float, (bool)1, (bool)0, (cudnnKernelDataType_t)0>(cudnn::engines_precompiled::nhwc2nchw_params_t<T3>…",vae_conv,0.5866,20
4.25,wan_qk_norm_rope16,norm_elementwise,10.5835,197
4.25,wan_res_gate,norm_elementwise,3.2482,66
4.25,wan_res_ln,norm_elementwise,8.7496,130
4.5,add_bias_inplace,norm_elementwise,0.0968,3
4.5,cast_bf16_f32_bias_act,cast_quant,0.0325,13
4.5,cast_f32_bf16,cast_quant,1.007,491
4.5,fa_dc90_fwd_d128,attention,140.8746,160
4.5,fvf_split_heads_rows,layout_copy,1.1852,80
4.5,gather_nd,layout_copy,0.6885,3
4.5,lincomb3,norm_elementwise,0.0118,5
4.5,memset,copies_memset,0.1393,160
4.5,mx_binary,norm_elementwise,0.0075,3
4.5,mx_block_copy,layout_copy,6.0773,167
4.5,mx_gather_nd,layout_copy,0.1245,9
4.5,mx_ln_adaln_e,norm_elementwise,2.9367,83
4.5,mx_merge_heads,layout_copy,8.0139,160
4.5,mx_unary,norm_elementwise,15.4064,80
4.5,nvjet_sm90_tst_192x144_64x5_2x1_v_bz_coopB_bias_TNT,gemm,20.4719,320
4.5,nvjet_sm90_tst_192x176_64x4_2x1_v_bz_coopB_bias_TNT,gemm,7.419,80
4.5,nvjet_sm90_tst_192x192_64x4_1x1_h_bz_coopB_bias_TNN,gemm,14.7884,80
4.5,nvjet_sm90_tst_64x56_64x14_1x4_h_bz_bias_TNT,gemm,0.0172,3
4.5,sm80_xmma_fprop_implicit_gemm_f32f32_f32f32_f32_nchwkcrs_nchw_tilesize32x32x8_stage3_warpsize1x2x1_g1_ffma_aligna4_alignc4_execute_kernel__5x_cudnn,vae_conv,0.1643,3
4.5,wan_qk_norm_rope16,norm_elementwise,13.0968,240
4.5,wan_res_gate,norm_elementwise,3.9718,80
4.5,wan_res_ln,norm_elementwise,10.9403,160
4.75,add_bias_inplace,norm_elementwise,2.6481,31
4.75,add_scalar,norm_elementwise,0.0621,1
4.75,apply_rotary_bshd,norm_elementwise,0.9202,30
4.75,block_copy,layout_copy,3.2857,55
4.75,cast_bf16_f32_bias_act,cast_quant,0.0136,6
4.75,cast_f32_bf16,cast_quant,1.7271,428
4.75,clamp_f,norm_elementwise,3.3988,30
4.75,elem_add,norm_elementwise,0.8065,9
4.75,fa_dc90_fwd_d128,attention,112.6781,129
4.75,fvf_split_heads_rows,layout_copy,0.947,64
4.75,gather_nd,layout_copy,0.4556,2
4.75,lincomb3,norm_elementwise,0.0054,2
4.75,memcpy DtoH,copies_memset,0.8885,2
4.75,memcpy HtoD,copies_memset,1.6576,11
4.75,memset,copies_memset,0.1282,151
4.75,mul_scalar,norm_elementwise,0.0624,1
4.75,mx_binary,norm_elementwise,0.0047,2
4.75,mx_block_copy,layout_copy,17.2096,473
4.75,mx_gather_nd,layout_copy,0.1355,10
4.75,mx_ln_adaln_e,norm_elementwise,2.3219,66
4.75,mx_merge_heads,layout_copy,6.4927,130
4.75,mx_unary,norm_elementwise,12.3026,64
4.75,nvjet_sm90_tst_192x144_64x5_2x1_v_bz_coopB_bias_TNT,gemm,16.4591,259
4.75,nvjet_sm90_tst_192x176_64x4_2x1_v_bz_coopB_bias_TNT,gemm,5.9312,64
4.75,nvjet_sm90_tst_192x192_64x4_1x1_h_bz_coopB_bias_TNN,gemm,11.9488,65
4.75,nvjet_sm90_tst_64x56_64x14_1x4_h_bz_bias_TNT,gemm,0.0116,2
4.75,pack_rgb_u8,layout_copy,0.0337,1
4.75,sm80_xmma_fprop_implicit_gemm_f32f32_f32f32_f32_nchwkcrs_nchw_tilesize32x32x8_stage3_warpsize1x2x1_g1_ffma_aligna4_alignc4_execute_kernel__5x_cudnn,vae_conv,0.1761,3
4.75,sm80_xmma_fprop_implicit_gemm_indexed_wo_smem_tf32f32_tf32f32_f32_nhwckrsc_nhwc_tilesize128x16x64_stage1_warpsize4x1x1_g1_tensor16x8x8_alignc4_execute_kernel__5…,vae_conv,1.3112,1
4.75,sm80_xmma_fprop_implicit_gemm_tf32f32_tf32f32_f32_nhwckrsc_nchw_tilesize256x64x32_stage3_warpsize4x2x1_g1_tensor16x8x8_execute_kernel__5x_cudnn,vae_conv,6.3729,11
4.75,sm90_xmma_fprop_implicit_gemm_f32f32_tf32f32_f32_nhwckrsc_nhwc_tilesize128x128x32_warpgroupsize1x1x1_g1_execute_segment_k_off_kernel__5x_cudnn,vae_conv,0.4068,6
4.75,sm90_xmma_fprop_implicit_gemm_f32f32_tf32f32_f32_nhwckrsc_nhwc_tilesize256x128x32_warpgroupsize2x1x1_g1_execute_segment_k_off_kernel__5x_cudnn,vae_conv,0.653,4
4.75,sm90_xmma_fprop_implicit_gemm_f32f32_tf32f32_f32_nhwckrsc_nhwc_tilesize64x128x32_warpgroupsize1x1x1_g1_execute_segment_k_off_kernel__5x_cudnn,vae_conv,0.8757,9
4.75,sm90_xmma_gemm_f32f32_tf32f32_f32_nn_n_tilesize128x128x32_warpgroupsize1x1x1_execute_segment_k_off_kernel__5x_cublas,gemm,0.8981,3
4.75,tanh_scaled,norm_elementwise,0.0025,1
4.75,upsample_nearest,vae_conv,1.4701,3
4.75,"cudnn::engines_precompiled::nchwToNhwcKernel<float, float, float, (bool)0, (bool)1, (cudnnKernelDataType_t)0>(cudnn::engines_precompiled::nchw2nhwc_params_t<T3>…",vae_conv,0.6272,38
4.75,"cudnn::engines_precompiled::nchwToNhwcKernel<float, float, float, (bool)0, (bool)1, (cudnnKernelDataType_t)2>(cudnn::engines_precompiled::nchw2nhwc_params_t<T3>…",vae_conv,3.45,24
4.75,"cudnn::engines_precompiled::nhwcToNchwKernel<float, float, float, (bool)1, (bool)0, (cudnnKernelDataType_t)0>(cudnn::engines_precompiled::nhwc2nchw_params_t<T3>…",vae_conv,0.5907,20
4.75,wan_qk_norm_rope16,norm_elementwise,10.4802,193
4.75,wan_res_gate,norm_elementwise,3.1752,64
4.75,wan_res_ln,norm_elementwise,8.8747,130
5.0,add_bias_inplace,norm_elementwise,0.0971,3
5.0,cast_bf16_f32_bias_act,cast_quant,0.0326,13
5.0,cast_f32_bf16,cast_quant,1.0065,492
5.0,fa_dc90_fwd_d128,attention,141.0001,160
5.0,fvf_split_heads_rows,layout_copy,1.186,80
5.0,gather_nd,layout_copy,0.688,3
5.0,lincomb3,norm_elementwise,0.0118,5
5.0,memset,copies_memset,0.1385,160
5.0,mx_binary,norm_elementwise,0.0072,3
5.0,mx_block_copy,layout_copy,6.0771,167
5.0,mx_gather_nd,layout_copy,0.1242,9
5.0,mx_ln_adaln_e,norm_elementwise,2.9377,83
5.0,mx_merge_heads,layout_copy,8.028,160
5.0,mx_unary,norm_elementwise,15.6131,81
5.0,nvjet_sm90_tst_192x144_64x5_2x1_v_bz_coopB_bias_TNT,gemm,20.6706,321
5.0,nvjet_sm90_tst_192x176_64x4_2x1_v_bz_coopB_bias_TNT,gemm,7.4319,80
5.0,nvjet_sm90_tst_192x192_64x4_1x1_h_bz_coopB_bias_TNN,gemm,14.7747,80
5.0,nvjet_sm90_tst_64x56_64x14_1x4_h_bz_bias_TNT,gemm,0.0172,3
5.0,sm80_xmma_fprop_implicit_gemm_f32f32_f32f32_f32_nchwkcrs_nchw_tilesize32x32x8_stage3_warpsize1x2x1_g1_ffma_aligna4_alignc4_execute_kernel__5x_cudnn,vae_conv,0.1652,3
5.0,wan_qk_norm_rope16,norm_elementwise,13.1052,240
5.0,wan_res_gate,norm_elementwise,3.972,80
5.0,wan_res_ln,norm_elementwise,10.9585,160
5.25,add_bias_inplace,norm_elementwise,2.6358,31
5.25,add_scalar,norm_elementwise,0.0613,1
5.25,apply_rotary_bshd,norm_elementwise,0.9246,30
5.25,block_copy,layout_copy,3.2732,55
5.25,cast_bf16_f32_bias_act,cast_quant,0.0137,6
5.25,cast_f32_bf16,cast_quant,1.7308,429
5.25,clamp_f,norm_elementwise,3.3773,30
5.25,elem_add,norm_elementwise,0.8101,9
5.25,fa_dc90_fwd_d128,attention,113.5805,130
5.25,fvf_split_heads_rows,layout_copy,0.9581,65
5.25,gather_nd,layout_copy,0.4534,2
5.25,lincomb3,norm_elementwise,0.0054,2
5.25,memcpy DtoH,copies_memset,0.9419,2
5.25,memcpy HtoD,copies_memset,1.5466,11
5.25,memset,copies_memset,0.1289,152
5.25,mul_scalar,norm_elementwise,0.062,1
5.25,mx_binary,norm_elementwise,0.0049,2
5.25,mx_block_copy,layout_copy,17.2085,475
5.25,mx_gather_nd,layout_copy,0.1343,10
5.25,mx_ln_adaln_e,norm_elementwise,2.3427,67
5.25,mx_merge_heads,layout_copy,6.4411,130
5.25,mx_unary,norm_elementwise,12.2424,64
5.25,nvjet_sm90_tst_192x144_64x5_2x1_v_bz_coopB_bias_TNT,gemm,16.3489,259
5.25,nvjet_sm90_tst_192x176_64x4_2x1_v_bz_coopB_bias_TNT,gemm,5.9829,65
5.25,nvjet_sm90_tst_192x192_64x4_1x1_h_bz_coopB_bias_TNN,gemm,11.8968,65
5.25,nvjet_sm90_tst_64x56_64x14_1x4_h_bz_bias_TNT,gemm,0.0114,2
5.25,pack_rgb_u8,layout_copy,0.0347,1
5.25,sm80_xmma_fprop_implicit_gemm_f32f32_f32f32_f32_nchwkcrs_nchw_tilesize32x32x8_stage3_warpsize1x2x1_g1_ffma_aligna4_alignc4_execute_kernel__5x_cudnn,vae_conv,0.1743,3
5.25,sm80_xmma_fprop_implicit_gemm_indexed_wo_smem_tf32f32_tf32f32_f32_nhwckrsc_nhwc_tilesize128x16x64_stage1_warpsize4x1x1_g1_tensor16x8x8_alignc4_execute_kernel__5…,vae_conv,1.3018,1
5.25,sm80_xmma_fprop_implicit_gemm_tf32f32_tf32f32_f32_nhwckrsc_nchw_tilesize256x64x32_stage3_warpsize4x2x1_g1_tensor16x8x8_execute_kernel__5x_cudnn,vae_conv,6.2598,11
5.25,sm90_xmma_fprop_implicit_gemm_f32f32_tf32f32_f32_nhwckrsc_nhwc_tilesize128x128x32_warpgroupsize1x1x1_g1_execute_segment_k_off_kernel__5x_cudnn,vae_conv,0.4038,6
5.25,sm90_xmma_fprop_implicit_gemm_f32f32_tf32f32_f32_nhwckrsc_nhwc_tilesize256x128x32_warpgroupsize2x1x1_g1_execute_segment_k_off_kernel__5x_cudnn,vae_conv,0.6542,4
5.25,sm90_xmma_fprop_implicit_gemm_f32f32_tf32f32_f32_nhwckrsc_nhwc_tilesize64x128x32_warpgroupsize1x1x1_g1_execute_segment_k_off_kernel__5x_cudnn,vae_conv,0.8766,9
5.25,sm90_xmma_gemm_f32f32_tf32f32_f32_nn_n_tilesize128x128x32_warpgroupsize1x1x1_execute_segment_k_off_kernel__5x_cublas,gemm,0.9006,3
5.25,tanh_scaled,norm_elementwise,0.0026,1
5.25,upsample_nearest,vae_conv,1.4423,3
5.25,"cudnn::engines_precompiled::nchwToNhwcKernel<float, float, float, (bool)0, (bool)1, (cudnnKernelDataType_t)0>(cudnn::engines_precompiled::nchw2nhwc_params_t<T3>…",vae_conv,0.6225,38
5.25,"cudnn::engines_precompiled::nchwToNhwcKernel<float, float, float, (bool)0, (bool)1, (cudnnKernelDataType_t)2>(cudnn::engines_precompiled::nchw2nhwc_params_t<T3>…",vae_conv,3.4476,24
5.25,"cudnn::engines_precompiled::nhwcToNchwKernel<float, float, float, (bool)1, (bool)0, (cudnnKernelDataType_t)0>(cudnn::engines_precompiled::nhwc2nchw_params_t<T3>…",vae_conv,0.5887,20
5.25,wan_qk_norm_rope16,norm_elementwise,10.5395,195
5.25,wan_res_gate,norm_elementwise,3.2165,65
5.25,wan_res_ln,norm_elementwise,8.8099,130
5.5,add_bias_inplace,norm_elementwise,0.0647,2
5.5,cast_bf16_f32_bias_act,cast_quant,0.025,10
5.5,cast_f32_bf16,cast_quant,0.9735,490
5.5,fa_dc90_fwd_d128,attention,142.6174,161
5.5,fvf_split_heads_rows,layout_copy,1.1954,81
5.5,gather_nd,layout_copy,0.4579,2
5.5,lincomb3,norm_elementwise,0.0097,4
5.5,memset,copies_memset,0.1398,161
5.5,mx_binary,norm_elementwise,0.0047,2
5.5,mx_block_copy,layout_copy,6.1366,166
5.5,mx_gather_nd,layout_copy,0.0826,6
5.5,mx_ln_adaln_e,norm_elementwise,2.9325,83
5.5,mx_merge_heads,layout_copy,8.0153,160
5.5,mx_unary,norm_elementwise,15.5949,81
5.5,nvjet_sm90_tst_192x144_64x5_2x1_v_bz_coopB_bias_TNT,gemm,20.6429,321
5.5,nvjet_sm90_tst_192x176_64x4_2x1_v_bz_coopB_bias_TNT,gemm,7.5093,81
5.5,nvjet_sm90_tst_192x192_64x4_1x1_h_bz_coopB_bias_TNN,gemm,14.7627,80
5.5,nvjet_sm90_tst_64x56_64x14_1x4_h_bz_bias_TNT,gemm,0.0115,2
5.5,sm80_xmma_fprop_implicit_gemm_f32f32_f32f32_f32_nchwkcrs_nchw_tilesize32x32x8_stage3_warpsize1x2x1_g1_ffma_aligna4_alignc4_execute_kernel__5x_cudnn,vae_conv,0.1093,2
5.5,wan_qk_norm_rope16,norm_elementwise,13.213,242
5.5,wan_res_gate,norm_elementwise,4.0203,81
5.5,wan_res_ln,norm_elementwise,10.9382,160
5.75,add_bias_inplace,norm_elementwise,2.6532,32
5.75,add_scalar,norm_elementwise,0.062,1
5.75,apply_rotary_bshd,norm_elementwise,0.9203,30
5.75,block_copy,layout_copy,3.2515,55
5.75,cast_bf16_f32_bias_act,cast_quant,0.0213,9
5.75,cast_f32_bf16,cast_quant,1.7642,431
5.75,clamp_f,norm_elementwise,3.371,30
5.75,elem_add,norm_elementwise,0.805,9
5.75,fa_dc90_fwd_d128,attention,112.2429,129
5.75,fvf_split_heads_rows,layout_copy,0.9464,64
5.75,gather_nd,layout_copy,0.6863,3
5.75,lincomb3,norm_elementwise,0.008,3
5.75,memcpy DtoH,copies_memset,0.7973,2
5.75,memcpy HtoD,copies_memset,1.482,11
5.75,memset,copies_memset,0.1292,151
5.75,mul_scalar,norm_elementwise,0.0612,1
5.75,mx_binary,norm_elementwise,0.0075,3
5.75,mx_block_copy,layout_copy,17.1806,476
5.75,mx_gather_nd,layout_copy,0.1751,13
5.75,mx_ln_adaln_e,norm_elementwise,2.3521,67
5.75,mx_merge_heads,layout_copy,6.4696,130
5.75,mx_unary,norm_elementwise,12.4713,65
5.75,nvjet_sm90_tst_192x144_64x5_2x1_v_bz_coopB_bias_TNT,gemm,16.3903,259
5.75,nvjet_sm90_tst_192x176_64x4_2x1_v_bz_coopB_bias_TNT,gemm,5.9014,64
5.75,nvjet_sm90_tst_192x192_64x4_1x1_h_bz_coopB_bias_TNN,gemm,11.9314,65
5.75,nvjet_sm90_tst_64x56_64x14_1x4_h_bz_bias_TNT,gemm,0.0171,3
5.75,pack_rgb_u8,layout_copy,0.0343,1
5.75,sm80_xmma_fprop_implicit_gemm_f32f32_f32f32_f32_nchwkcrs_nchw_tilesize32x32x8_stage3_warpsize1x2x1_g1_ffma_aligna4_alignc4_execute_kernel__5x_cudnn,vae_conv,0.2292,4
5.75,sm80_xmma_fprop_implicit_gemm_indexed_wo_smem_tf32f32_tf32f32_f32_nhwckrsc_nhwc_tilesize128x16x64_stage1_warpsize4x1x1_g1_tensor16x8x8_alignc4_execute_kernel__5…,vae_conv,1.2931,1
5.75,sm80_xmma_fprop_implicit_gemm_tf32f32_tf32f32_f32_nhwckrsc_nchw_tilesize256x64x32_stage3_warpsize4x2x1_g1_tensor16x8x8_execute_kernel__5x_cudnn,vae_conv,6.2476,11
5.75,sm90_xmma_fprop_implicit_gemm_f32f32_tf32f32_f32_nhwckrsc_nhwc_tilesize128x128x32_warpgroupsize1x1x1_g1_execute_segment_k_off_kernel__5x_cudnn,vae_conv,0.3989,6
5.75,sm90_xmma_fprop_implicit_gemm_f32f32_tf32f32_f32_nhwckrsc_nhwc_tilesize256x128x32_warpgroupsize2x1x1_g1_execute_segment_k_off_kernel__5x_cudnn,vae_conv,0.6452,4
5.75,sm90_xmma_fprop_implicit_gemm_f32f32_tf32f32_f32_nhwckrsc_nhwc_tilesize64x128x32_warpgroupsize1x1x1_g1_execute_segment_k_off_kernel__5x_cudnn,vae_conv,0.8666,9
5.75,sm90_xmma_gemm_f32f32_tf32f32_f32_nn_n_tilesize128x128x32_warpgroupsize1x1x1_execute_segment_k_off_kernel__5x_cublas,gemm,0.9006,3
5.75,tanh_scaled,norm_elementwise,0.0024,1
5.75,upsample_nearest,vae_conv,1.4393,3
5.75,"cudnn::engines_precompiled::nchwToNhwcKernel<float, float, float, (bool)0, (bool)1, (cudnnKernelDataType_t)0>(cudnn::engines_precompiled::nchw2nhwc_params_t<T3>…",vae_conv,0.6238,38
5.75,"cudnn::engines_precompiled::nchwToNhwcKernel<float, float, float, (bool)0, (bool)1, (cudnnKernelDataType_t)2>(cudnn::engines_precompiled::nchw2nhwc_params_t<T3>…",vae_conv,3.443,24
5.75,"cudnn::engines_precompiled::nhwcToNchwKernel<float, float, float, (bool)1, (bool)0, (cudnnKernelDataType_t)0>(cudnn::engines_precompiled::nhwc2nchw_params_t<T3>…",vae_conv,0.5888,20
5.75,wan_qk_norm_rope16,norm_elementwise,10.4533,193
5.75,wan_res_gate,norm_elementwise,3.1715,64
5.75,wan_res_ln,norm_elementwise,8.8405,130
6.0,add_bias_inplace,norm_elementwise,0.0641,2
6.0,cast_bf16_f32_bias_act,cast_quant,0.0252,10
6.0,cast_f32_bf16,cast_quant,0.9719,490
6.0,fa_dc90_fwd_d128,attention,141.995,161
6.0,fvf_split_heads_rows,layout_copy,1.1972,81
6.0,gather_nd,layout_copy,0.4593,2
6.0,lincomb3,norm_elementwise,0.0094,4
6.0,memset,copies_memset,0.1396,161
6.0,mx_binary,norm_elementwise,0.0047,2
6.0,mx_block_copy,layout_copy,6.1214,166
6.0,mx_gather_nd,layout_copy,0.083,6
6.0,mx_ln_adaln_e,norm_elementwise,2.9227,83
6.0,mx_merge_heads,layout_copy,7.9853,160
6.0,mx_unary,norm_elementwise,15.3549,80
6.0,nvjet_sm90_tst_192x144_64x5_2x1_v_bz_coopB_bias_TNT,gemm,20.6054,321
6.0,nvjet_sm90_tst_192x176_64x4_2x1_v_bz_coopB_bias_TNT,gemm,7.4984,81
6.0,nvjet_sm90_tst_192x192_64x4_1x1_h_bz_coopB_bias_TNN,gemm,14.7499,80
6.0,nvjet_sm90_tst_64x56_64x14_1x4_h_bz_bias_TNT,gemm,0.0115,2
6.0,sm80_xmma_fprop_implicit_gemm_f32f32_f32f32_f32_nchwkcrs_nchw_tilesize32x32x8_stage3_warpsize1x2x1_g1_ffma_aligna4_alignc4_execute_kernel__5x_cudnn,vae_conv,0.1099,2
6.0,wan_qk_norm_rope16,norm_elementwise,13.1726,242
6.0,wan_res_gate,norm_elementwise,4.0127,81
6.0,wan_res_ln,norm_elementwise,10.907,160
6.25,add_bias_inplace,norm_elementwise,2.6227,31
6.25,add_scalar,norm_elementwise,0.0621,1
6.25,apply_rotary_bshd,norm_elementwise,0.919,30
6.25,block_copy,layout_copy,3.259,55
6.25,cast_bf16_f32_bias_act,cast_quant,0.0124,5
6.25,cast_f32_bf16,cast_quant,1.7321,429
6.25,clamp_f,norm_elementwise,3.3729,30
6.25,elem_add,norm_elementwise,0.8034,9
6.25,fa_dc90_fwd_d128,attention,113.5364,129
6.25,fvf_split_heads_rows,layout_copy,0.9494,64
6.25,gather_nd,layout_copy,0.4598,2
6.25,lincomb3,norm_elementwise,0.0024,1
6.25,memcpy DtoH,copies_memset,0.8008,2
6.25,memcpy HtoD,copies_memset,1.4059,11
6.25,memset,copies_memset,0.1308,152
6.25,mul_scalar,norm_elementwise,0.0615,1
6.25,mx_binary,norm_elementwise,0.0048,2
6.25,mx_block_copy,layout_copy,16.8263,464
6.25,mx_gather_nd,layout_copy,0.1367,10
6.25,mx_ln_adaln_e,norm_elementwise,2.381,67
6.25,mx_merge_heads,layout_copy,6.5394,130
6.25,mx_unary,norm_elementwise,12.5852,65
6.25,nvjet_sm90_tst_192x144_64x5_2x1_v_bz_coopB_bias_TNT,gemm,16.649,260
6.25,nvjet_sm90_tst_192x176_64x4_2x1_v_bz_coopB_bias_TNT,gemm,6.0351,65
6.25,nvjet_sm90_tst_192x192_64x4_1x1_h_bz_coopB_bias_TNN,gemm,11.9815,65
6.25,nvjet_sm90_tst_64x56_64x14_1x4_h_bz_bias_TNT,gemm,0.0117,2
6.25,pack_rgb_u8,layout_copy,0.0337,1
6.25,sm80_xmma_fprop_implicit_gemm_f32f32_f32f32_f32_nchwkcrs_nchw_tilesize32x32x8_stage3_warpsize1x2x1_g1_ffma_aligna4_alignc4_execute_kernel__5x_cudnn,vae_conv,0.1785,3
6.25,sm80_xmma_fprop_implicit_gemm_indexed_wo_smem_tf32f32_tf32f32_f32_nhwckrsc_nhwc_tilesize128x16x64_stage1_warpsize4x1x1_g1_tensor16x8x8_alignc4_execute_kernel__5…,vae_conv,1.3111,1
6.25,sm80_xmma_fprop_implicit_gemm_tf32f32_tf32f32_f32_nhwckrsc_nchw_tilesize256x64x32_stage3_warpsize4x2x1_g1_tensor16x8x8_execute_kernel__5x_cudnn,vae_conv,6.2181,11
6.25,sm90_xmma_fprop_implicit_gemm_f32f32_tf32f32_f32_nhwckrsc_nhwc_tilesize128x128x32_warpgroupsize1x1x1_g1_execute_segment_k_off_kernel__5x_cudnn,vae_conv,0.4057,6
6.25,sm90_xmma_fprop_implicit_gemm_f32f32_tf32f32_f32_nhwckrsc_nhwc_tilesize256x128x32_warpgroupsize2x1x1_g1_execute_segment_k_off_kernel__5x_cudnn,vae_conv,0.6572,4
6.25,sm90_xmma_fprop_implicit_gemm_f32f32_tf32f32_f32_nhwckrsc_nhwc_tilesize64x128x32_warpgroupsize1x1x1_g1_execute_segment_k_off_kernel__5x_cudnn,vae_conv,0.8816,9
6.25,sm90_xmma_gemm_f32f32_tf32f32_f32_nn_n_tilesize128x128x32_warpgroupsize1x1x1_execute_segment_k_off_kernel__5x_cublas,gemm,0.8999,3
6.25,tanh_scaled,norm_elementwise,0.0026,1
6.25,upsample_nearest,vae_conv,1.4403,3
6.25,"cudnn::engines_precompiled::nchwToNhwcKernel<float, float, float, (bool)0, (bool)1, (cudnnKernelDataType_t)0>(cudnn::engines_precompiled::nchw2nhwc_params_t<T3>…",vae_conv,0.6252,38
6.25,"cudnn::engines_precompiled::nchwToNhwcKernel<float, float, float, (bool)0, (bool)1, (cudnnKernelDataType_t)2>(cudnn::engines_precompiled::nchw2nhwc_params_t<T3>…",vae_conv,3.4451,24
6.25,"cudnn::engines_precompiled::nhwcToNchwKernel<float, float, float, (bool)1, (bool)0, (cudnnKernelDataType_t)0>(cudnn::engines_precompiled::nhwc2nchw_params_t<T3>…",vae_conv,0.5901,20
6.25,wan_qk_norm_rope16,norm_elementwise,10.5507,193
6.25,wan_res_gate,norm_elementwise,3.242,65
6.25,wan_res_ln,norm_elementwise,8.9127,130
6.5,add_bias_inplace,norm_elementwise,0.0958,3
6.5,cast_bf16_f32_bias_act,cast_quant,0.0341,14
6.5,cast_f32_bf16,cast_quant,1.0063,492
6.5,fa_dc90_fwd_d128,attention,142.203,161
6.5,fvf_split_heads_rows,layout_copy,1.196,81
6.5,gather_nd,layout_copy,0.6844,3
6.5,lincomb3,norm_elementwise,0.0149,6
6.5,memset,copies_memset,0.1399,160
6.5,mx_binary,norm_elementwise,0.0071,3
6.5,mx_block_copy,layout_copy,6.517,178
6.5,mx_gather_nd,layout_copy,0.1235,9
6.5,mx_ln_adaln_e,norm_elementwise,2.9298,83
6.5,mx_merge_heads,layout_copy,8.0045,160
6.5,mx_unary,norm_elementwise,15.3756,80
6.5,nvjet_sm90_tst_192x144_64x5_2x1_v_bz_coopB_bias_TNT,gemm,20.4827,320
6.5,nvjet_sm90_tst_192x176_64x4_2x1_v_bz_coopB_bias_TNT,gemm,7.4261,80
6.5,nvjet_sm90_tst_192x192_64x4_1x1_h_bz_coopB_bias_TNN,gemm,14.7771,80
6.5,nvjet_sm90_tst_64x56_64x14_1x4_h_bz_bias_TNT,gemm,0.0171,3
6.5,sm80_xmma_fprop_implicit_gemm_f32f32_f32f32_f32_nchwkcrs_nchw_tilesize32x32x8_stage3_warpsize1x2x1_g1_ffma_aligna4_alignc4_execute_kernel__5x_cudnn,vae_conv,0.1639,3
6.5,wan_qk_norm_rope16,norm_elementwise,13.2031,242
6.5,wan_res_gate,norm_elementwise,3.966,80
6.5,wan_res_ln,norm_elementwise,10.9402,160
6.75,add_bias_inplace,norm_elementwise,2.6174,31
6.75,add_scalar,norm_elementwise,0.0614,1
6.75,apply_rotary_bshd,norm_elementwise,0.9167,30
6.75,block_copy,layout_copy,3.2502,55
6.75,cast_bf16_f32_bias_act,cast_quant,0.0118,5
6.75,cast_f32_bf16,cast_quant,1.7334,429
6.75,clamp_f,norm_elementwise,3.3684,30
6.75,elem_add,norm_elementwise,0.8025,9
6.75,fa_dc90_fwd_d128,attention,114.9928,130
6.75,fvf_split_heads_rows,layout_copy,0.9646,65
6.75,gather_nd,layout_copy,0.458,2
6.75,lincomb3,norm_elementwise,0.0026,1
6.75,memcpy DtoH,copies_memset,0.7924,2
6.75,memcpy HtoD,copies_memset,1.4541,11
6.75,memset,copies_memset,0.13,152
6.75,mul_scalar,norm_elementwise,0.0622,1
6.75,mx_binary,norm_elementwise,0.0048,2
6.75,mx_block_copy,layout_copy,15.3605,426
6.75,mx_gather_nd,layout_copy,0.1353,10
6.75,mx_ln_adaln_e,norm_elementwise,2.3721,67
6.75,mx_merge_heads,layout_copy,6.5205,130
6.75,mx_unary,norm_elementwise,12.5542,65
6.75,nvjet_sm90_tst_192x144_64x5_2x1_v_bz_coopB_bias_TNT,gemm,16.6264,260
6.75,nvjet_sm90_tst_192x176_64x4_2x1_v_bz_coopB_bias_TNT,gemm,6.0207,65
6.75,nvjet_sm90_tst_192x192_64x4_1x1_h_bz_coopB_bias_TNN,gemm,11.9679,65
6.75,nvjet_sm90_tst_64x56_64x14_1x4_h_bz_bias_TNT,gemm,0.0116,2
6.75,pack_rgb_u8,layout_copy,0.0339,1
6.75,sm80_xmma_fprop_implicit_gemm_f32f32_f32f32_f32_nchwkcrs_nchw_tilesize32x32x8_stage3_warpsize1x2x1_g1_ffma_aligna4_alignc4_execute_kernel__5x_cudnn,vae_conv,0.1768,3
6.75,sm80_xmma_fprop_implicit_gemm_indexed_wo_smem_tf32f32_tf32f32_f32_nhwckrsc_nhwc_tilesize128x16x64_stage1_warpsize4x1x1_g1_tensor16x8x8_alignc4_execute_kernel__5…,vae_conv,1.3044,1
6.75,sm80_xmma_fprop_implicit_gemm_tf32f32_tf32f32_f32_nhwckrsc_nchw_tilesize256x64x32_stage3_warpsize4x2x1_g1_tensor16x8x8_execute_kernel__5x_cudnn,vae_conv,6.1902,11
6.75,sm90_xmma_fprop_implicit_gemm_f32f32_tf32f32_f32_nhwckrsc_nhwc_tilesize128x128x32_warpgroupsize1x1x1_g1_execute_segment_k_off_kernel__5x_cudnn,vae_conv,0.4067,6
6.75,sm90_xmma_fprop_implicit_gemm_f32f32_tf32f32_f32_nhwckrsc_nhwc_tilesize256x128x32_warpgroupsize2x1x1_g1_execute_segment_k_off_kernel__5x_cudnn,vae_conv,0.651,4
6.75,sm90_xmma_fprop_implicit_gemm_f32f32_tf32f32_f32_nhwckrsc_nhwc_tilesize64x128x32_warpgroupsize1x1x1_g1_execute_segment_k_off_kernel__5x_cudnn,vae_conv,0.87,9
6.75,sm90_xmma_gemm_f32f32_tf32f32_f32_nn_n_tilesize128x128x32_warpgroupsize1x1x1_execute_segment_k_off_kernel__5x_cublas,gemm,0.9006,3
6.75,tanh_scaled,norm_elementwise,0.0025,1
6.75,upsample_nearest,vae_conv,1.4274,3
6.75,"cudnn::engines_precompiled::nchwToNhwcKernel<float, float, float, (bool)0, (bool)1, (cudnnKernelDataType_t)0>(cudnn::engines_precompiled::nchw2nhwc_params_t<T3>…",vae_conv,0.6239,38
6.75,"cudnn::engines_precompiled::nchwToNhwcKernel<float, float, float, (bool)0, (bool)1, (cudnnKernelDataType_t)2>(cudnn::engines_precompiled::nchw2nhwc_params_t<T3>…",vae_conv,3.4447,24
6.75,"cudnn::engines_precompiled::nhwcToNchwKernel<float, float, float, (bool)1, (bool)0, (cudnnKernelDataType_t)0>(cudnn::engines_precompiled::nhwc2nchw_params_t<T3>…",vae_conv,0.5896,20
6.75,wan_qk_norm_rope16,norm_elementwise,10.6404,195
6.75,wan_res_gate,norm_elementwise,3.2337,65
6.75,wan_res_ln,norm_elementwise,8.8915,130
7.0,add_bias_inplace,norm_elementwise,0.0949,3
7.0,cast_bf16_f32_bias_act,cast_quant,0.0342,14
7.0,cast_f32_bf16,cast_quant,1.0083,492
7.0,fa_dc90_fwd_d128,attention,140.0647,160
7.0,fvf_split_heads_rows,layout_copy,1.179,80
7.0,gather_nd,layout_copy,0.6832,3
7.0,lincomb3,norm_elementwise,0.015,6
7.0,memset,copies_memset,0.1378,160
7.0,mx_binary,norm_elementwise,0.0077,3
7.0,mx_block_copy,layout_copy,7.9183,216
7.0,mx_gather_nd,layout_copy,0.1234,9
7.0,mx_ln_adaln_e,norm_elementwise,2.9148,83
7.0,mx_merge_heads,layout_copy,7.9769,160
7.0,mx_unary,norm_elementwise,15.3368,80
7.0,nvjet_sm90_tst_192x144_64x5_2x1_v_bz_coopB_bias_TNT,gemm,20.4307,320
7.0,nvjet_sm90_tst_192x176_64x4_2x1_v_bz_coopB_bias_TNT,gemm,7.3995,80
7.0,nvjet_sm90_tst_192x192_64x4_1x1_h_bz_coopB_bias_TNN,gemm,14.7486,80
7.0,nvjet_sm90_tst_64x56_64x14_1x4_h_bz_bias_TNT,gemm,0.0172,3
7.0,sm80_xmma_fprop_implicit_gemm_f32f32_f32f32_f32_nchwkcrs_nchw_tilesize32x32x8_stage3_warpsize1x2x1_g1_ffma_aligna4_alignc4_execute_kernel__5x_cudnn,vae_conv,0.1627,3
7.0,wan_qk_norm_rope16,norm_elementwise,13.0382,240
7.0,wan_res_gate,norm_elementwise,3.9612,80
7.0,wan_res_ln,norm_elementwise,10.8935,160
7.25,add_bias_inplace,norm_elementwise,2.6256,31
7.25,add_scalar,norm_elementwise,0.062,1
7.25,apply_rotary_bshd,norm_elementwise,0.9225,30
7.25,block_copy,layout_copy,3.2618,55
7.25,cast_bf16_f32_bias_act,cast_quant,0.0119,5
7.25,cast_f32_bf16,cast_quant,1.7355,429
7.25,clamp_f,norm_elementwise,3.3725,30
7.25,elem_add,norm_elementwise,0.8044,9
7.25,fa_dc90_fwd_d128,attention,115.7076,130
7.25,fvf_split_heads_rows,layout_copy,0.9666,65
7.25,gather_nd,layout_copy,0.4602,2
7.25,lincomb3,norm_elementwise,0.0024,1
7.25,memcpy DtoH,copies_memset,0.7964,2
7.25,memcpy HtoD,copies_memset,1.3873,11
7.25,memset,copies_memset,0.1302,152
7.25,mul_scalar,norm_elementwise,0.0614,1
7.25,mx_binary,norm_elementwise,0.0048,2
7.25,mx_block_copy,layout_copy,13.5257,376
7.25,mx_gather_nd,layout_copy,0.1354,10
7.25,mx_ln_adaln_e,norm_elementwise,2.3859,67
7.25,mx_merge_heads,layout_copy,6.6109,131
7.25,mx_unary,norm_elementwise,12.6082,65
7.25,nvjet_sm90_tst_192x144_64x5_2x1_v_bz_coopB_bias_TNT,gemm,16.7131,260
7.25,nvjet_sm90_tst_192x176_64x4_2x1_v_bz_coopB_bias_TNT,gemm,6.0537,65
7.25,nvjet_sm90_tst_192x192_64x4_1x1_h_bz_coopB_bias_TNN,gemm,12.0154,65
7.25,nvjet_sm90_tst_64x56_64x14_1x4_h_bz_bias_TNT,gemm,0.0116,2
7.25,pack_rgb_u8,layout_copy,0.0338,1
7.25,sm80_xmma_fprop_implicit_gemm_f32f32_f32f32_f32_nchwkcrs_nchw_tilesize32x32x8_stage3_warpsize1x2x1_g1_ffma_aligna4_alignc4_execute_kernel__5x_cudnn,vae_conv,0.1776,3
7.25,sm80_xmma_fprop_implicit_gemm_indexed_wo_smem_tf32f32_tf32f32_f32_nhwckrsc_nhwc_tilesize128x16x64_stage1_warpsize4x1x1_g1_tensor16x8x8_alignc4_execute_kernel__5…,vae_conv,1.3022,1
7.25,sm80_xmma_fprop_implicit_gemm_tf32f32_tf32f32_f32_nhwckrsc_nchw_tilesize256x64x32_stage3_warpsize4x2x1_g1_tensor16x8x8_execute_kernel__5x_cudnn,vae_conv,6.216,11
7.25,sm90_xmma_fprop_implicit_gemm_f32f32_tf32f32_f32_nhwckrsc_nhwc_tilesize128x128x32_warpgroupsize1x1x1_g1_execute_segment_k_off_kernel__5x_cudnn,vae_conv,0.4059,6
7.25,sm90_xmma_fprop_implicit_gemm_f32f32_tf32f32_f32_nhwckrsc_nhwc_tilesize256x128x32_warpgroupsize2x1x1_g1_execute_segment_k_off_kernel__5x_cudnn,vae_conv,0.6486,4
7.25,sm90_xmma_fprop_implicit_gemm_f32f32_tf32f32_f32_nhwckrsc_nhwc_tilesize64x128x32_warpgroupsize1x1x1_g1_execute_segment_k_off_kernel__5x_cudnn,vae_conv,0.8698,9
7.25,sm90_xmma_gemm_f32f32_tf32f32_f32_nn_n_tilesize128x128x32_warpgroupsize1x1x1_execute_segment_k_off_kernel__5x_cublas,gemm,0.9018,3
7.25,tanh_scaled,norm_elementwise,0.0025,1
7.25,upsample_nearest,vae_conv,1.4276,3
7.25,"cudnn::engines_precompiled::nchwToNhwcKernel<float, float, float, (bool)0, (bool)1, (cudnnKernelDataType_t)0>(cudnn::engines_precompiled::nchw2nhwc_params_t<T3>…",vae_conv,0.6228,38
7.25,"cudnn::engines_precompiled::nchwToNhwcKernel<float, float, float, (bool)0, (bool)1, (cudnnKernelDataType_t)2>(cudnn::engines_precompiled::nchw2nhwc_params_t<T3>…",vae_conv,3.4442,24
7.25,"cudnn::engines_precompiled::nhwcToNchwKernel<float, float, float, (bool)1, (bool)0, (cudnnKernelDataType_t)0>(cudnn::engines_precompiled::nhwc2nchw_params_t<T3>…",vae_conv,0.5891,20
7.25,wan_qk_norm_rope16,norm_elementwise,10.7031,195
7.25,wan_res_gate,norm_elementwise,3.2447,65
7.25,wan_res_ln,norm_elementwise,8.9366,130
7.5,add_bias_inplace,norm_elementwise,0.0964,3
7.5,cast_bf16_f32_bias_act,cast_quant,0.0344,14
7.5,cast_f32_bf16,cast_quant,1.0042,491
7.5,fa_dc90_fwd_d128,attention,138.7504,159
7.5,fvf_split_heads_rows,layout_copy,1.1678,79
7.5,gather_nd,layout_copy,0.6867,3
7.5,lincomb3,norm_elementwise,0.0147,6
7.5,memset,copies_memset,0.1359,159
7.5,mx_binary,norm_elementwise,0.0075,3
7.5,mx_block_copy,layout_copy,9.7393,264
7.5,mx_gather_nd,layout_copy,0.124,9
7.5,mx_ln_adaln_e,norm_elementwise,2.8885,82
7.5,mx_merge_heads,layout_copy,7.9376,159
7.5,mx_unary,norm_elementwise,15.3662,80
7.5,nvjet_sm90_tst_192x144_64x5_2x1_v_bz_coopB_bias_TNT,gemm,20.4389,320
7.5,nvjet_sm90_tst_192x176_64x4_2x1_v_bz_coopB_bias_TNT,gemm,7.3152,79
7.5,nvjet_sm90_tst_192x192_64x4_1x1_h_bz_coopB_bias_TNN,gemm,14.7598,80
7.5,nvjet_sm90_tst_64x56_64x14_1x4_h_bz_bias_TNT,gemm,0.0171,3
7.5,sm80_xmma_fprop_implicit_gemm_f32f32_f32f32_f32_nchwkcrs_nchw_tilesize32x32x8_stage3_warpsize1x2x1_g1_ffma_aligna4_alignc4_execute_kernel__5x_cudnn,vae_conv,0.1641,3
7.5,wan_qk_norm_rope16,norm_elementwise,12.9397,238
7.5,wan_res_gate,norm_elementwise,3.9163,79
7.5,wan_res_ln,norm_elementwise,10.9143,160
7.75,add_bias_inplace,norm_elementwise,2.6117,31
7.75,add_scalar,norm_elementwise,0.0616,1
7.75,apply_rotary_bshd,norm_elementwise,0.9207,30
7.75,block_copy,layout_copy,3.2396,55
7.75,cast_bf16_f32_bias_act,cast_quant,0.0118,5
7.75,cast_f32_bf16,cast_quant,1.7444,435
7.75,clamp_f,norm_elementwise,3.3661,30
7.75,elem_add,norm_elementwise,0.8048,9
7.75,fa_dc90_fwd_d128,attention,117.0985,132
7.75,fvf_split_heads_rows,layout_copy,0.9761,66
7.75,gather_nd,layout_copy,0.4588,2
7.75,lincomb3,norm_elementwise,0.0026,1
7.75,memcpy DtoH,copies_memset,0.789,2
7.75,memcpy HtoD,copies_memset,1.4383,11
7.75,memset,copies_memset,0.1335,154
7.75,mul_scalar,norm_elementwise,0.0621,1
7.75,mx_binary,norm_elementwise,0.0048,2
7.75,mx_block_copy,layout_copy,11.7269,328
7.75,mx_gather_nd,layout_copy,0.1361,10
7.75,mx_ln_adaln_e,norm_elementwise,2.423,68
7.75,mx_merge_heads,layout_copy,6.6579,132
7.75,mx_unary,norm_elementwise,12.7984,66
7.75,nvjet_sm90_tst_192x144_64x5_2x1_v_bz_coopB_bias_TNT,gemm,16.9484,264
7.75,nvjet_sm90_tst_192x176_64x4_2x1_v_bz_coopB_bias_TNT,gemm,6.147,66
7.75,nvjet_sm90_tst_192x192_64x4_1x1_h_bz_coopB_bias_TNN,gemm,12.2207,66
7.75,nvjet_sm90_tst_64x56_64x14_1x4_h_bz_bias_TNT,gemm,0.0115,2
7.75,pack_rgb_u8,layout_copy,0.034,1
7.75,sm80_xmma_fprop_implicit_gemm_f32f32_f32f32_f32_nchwkcrs_nchw_tilesize32x32x8_stage3_warpsize1x2x1_g1_ffma_aligna4_alignc4_execute_kernel__5x_cudnn,vae_conv,0.1761,3
7.75,sm80_xmma_fprop_implicit_gemm_indexed_wo_smem_tf32f32_tf32f32_f32_nhwckrsc_nhwc_tilesize128x16x64_stage1_warpsize4x1x1_g1_tensor16x8x8_alignc4_execute_kernel__5…,vae_conv,1.312,1
7.75,sm80_xmma_fprop_implicit_gemm_tf32f32_tf32f32_f32_nhwckrsc_nchw_tilesize256x64x32_stage3_warpsize4x2x1_g1_tensor16x8x8_execute_kernel__5x_cudnn,vae_conv,6.2066,11
7.75,sm90_xmma_fprop_implicit_gemm_f32f32_tf32f32_f32_nhwckrsc_nhwc_tilesize128x128x32_warpgroupsize1x1x1_g1_execute_segment_k_off_kernel__5x_cudnn,vae_conv,0.3987,6
7.75,sm90_xmma_fprop_implicit_gemm_f32f32_tf32f32_f32_nhwckrsc_nhwc_tilesize256x128x32_warpgroupsize2x1x1_g1_execute_segment_k_off_kernel__5x_cudnn,vae_conv,0.6482,4
7.75,sm90_xmma_fprop_implicit_gemm_f32f32_tf32f32_f32_nhwckrsc_nhwc_tilesize64x128x32_warpgroupsize1x1x1_g1_execute_segment_k_off_kernel__5x_cudnn,vae_conv,0.8457,9
7.75,sm90_xmma_gemm_f32f32_tf32f32_f32_nn_n_tilesize128x128x32_warpgroupsize1x1x1_execute_segment_k_off_kernel__5x_cublas,gemm,0.8985,3
7.75,tanh_scaled,norm_elementwise,0.0025,1
7.75,upsample_nearest,vae_conv,1.4308,3
7.75,"cudnn::engines_precompiled::nchwToNhwcKernel<float, float, float, (bool)0, (bool)1, (cudnnKernelDataType_t)0>(cudnn::engines_precompiled::nchw2nhwc_params_t<T3>…",vae_conv,0.6231,38
7.75,"cudnn::engines_precompiled::nchwToNhwcKernel<float, float, float, (bool)0, (bool)1, (cudnnKernelDataType_t)2>(cudnn::engines_precompiled::nchw2nhwc_params_t<T3>…",vae_conv,3.4483,24
7.75,"cudnn::engines_precompiled::nhwcToNchwKernel<float, float, float, (bool)1, (bool)0, (cudnnKernelDataType_t)0>(cudnn::engines_precompiled::nhwc2nchw_params_t<T3>…",vae_conv,0.5893,20
7.75,wan_qk_norm_rope16,norm_elementwise,10.8652,198
7.75,wan_res_gate,norm_elementwise,3.2894,66
7.75,wan_res_ln,norm_elementwise,9.0789,132
8.0,add_bias_inplace,norm_elementwise,0.0956,3
8.0,cast_bf16_f32_bias_act,cast_quant,0.0341,14
8.0,cast_f32_bf16,cast_quant,0.9907,485
8.0,fa_dc90_fwd_d128,attention,138.1679,158
8.0,fvf_split_heads_rows,layout_copy,1.1638,79
8.0,gather_nd,layout_copy,0.6852,3
8.0,lincomb3,norm_elementwise,0.0152,6
8.0,memset,copies_memset,0.1351,158
8.0,mx_binary,norm_elementwise,0.0072,3
8.0,mx_block_copy,layout_copy,11.5718,314
8.0,mx_gather_nd,layout_copy,0.1219,9
8.0,mx_ln_adaln_e,norm_elementwise,2.8698,82
8.0,mx_merge_heads,layout_copy,7.842,158
8.0,mx_unary,norm_elementwise,15.1134,79
8.0,nvjet_sm90_tst_192x144_64x5_2x1_v_bz_coopB_bias_TNT,gemm,19.9764,315
8.0,nvjet_sm90_tst_192x176_64x4_2x1_v_bz_coopB_bias_TNT,gemm,7.2882,79
8.0,nvjet_sm90_tst_192x192_64x4_1x1_h_bz_coopB_bias_TNN,gemm,14.527,79
8.0,nvjet_sm90_tst_64x56_64x14_1x4_h_bz_bias_TNT,gemm,0.0175,3
8.0,sm80_xmma_fprop_implicit_gemm_f32f32_f32f32_f32_nchwkcrs_nchw_tilesize32x32x8_stage3_warpsize1x2x1_g1_ffma_aligna4_alignc4_execute_kernel__5x_cudnn,vae_conv,0.1627,3
8.0,wan_qk_norm_rope16,norm_elementwise,12.8355,237
8.0,wan_res_gate,norm_elementwise,3.9074,79
8.0,wan_res_ln,norm_elementwise,10.7347,158
8.25,add_bias_inplace,norm_elementwise,2.622,31
8.25,add_scalar,norm_elementwise,0.0615,1
8.25,apply_rotary_bshd,norm_elementwise,0.9208,30
8.25,block_copy,layout_copy,3.2539,55
8.25,cast_bf16_f32_bias_act,cast_quant,0.012,5
8.25,cast_f32_bf16,cast_quant,1.7519,437
8.25,clamp_f,norm_elementwise,3.3707,30
8.25,elem_add,norm_elementwise,0.8063,9
8.25,fa_dc90_fwd_d128,attention,118.939,133
8.25,fvf_split_heads_rows,layout_copy,0.9942,67
8.25,gather_nd,layout_copy,0.4612,2
8.25,lincomb3,norm_elementwise,0.0025,1
8.25,memcpy DtoH,copies_memset,0.799,2
8.25,memcpy HtoD,copies_memset,1.4333,11
8.25,memset,copies_memset,0.1362,155
8.25,mul_scalar,norm_elementwise,0.0623,1
8.25,mx_binary,norm_elementwise,0.005,2
8.25,mx_block_copy,layout_copy,10.327,290
8.25,mx_gather_nd,layout_copy,0.1356,10
8.25,mx_ln_adaln_e,norm_elementwise,2.458,69
8.25,mx_merge_heads,layout_copy,6.6599,132
8.25,mx_unary,norm_elementwise,12.782,66
8.25,nvjet_sm90_tst_192x144_64x5_2x1_v_bz_coopB_bias_TNT,gemm,17.1463,265
8.25,nvjet_sm90_tst_192x176_64x4_2x1_v_bz_coopB_bias_TNT,gemm,6.2473,67
8.25,nvjet_sm90_tst_192x192_64x4_1x1_h_bz_coopB_bias_TNN,gemm,12.2119,66
8.25,nvjet_sm90_tst_64x56_64x14_1x4_h_bz_bias_TNT,gemm,0.0115,2
8.25,pack_rgb_u8,layout_copy,0.0338,1
8.25,sm80_xmma_fprop_implicit_gemm_f32f32_f32f32_f32_nchwkcrs_nchw_tilesize32x32x8_stage3_warpsize1x2x1_g1_ffma_aligna4_alignc4_execute_kernel__5x_cudnn,vae_conv,0.1774,3
8.25,sm80_xmma_fprop_implicit_gemm_indexed_wo_smem_tf32f32_tf32f32_f32_nhwckrsc_nhwc_tilesize128x16x64_stage1_warpsize4x1x1_g1_tensor16x8x8_alignc4_execute_kernel__5…,vae_conv,1.3022,1
8.25,sm80_xmma_fprop_implicit_gemm_tf32f32_tf32f32_f32_nhwckrsc_nchw_tilesize256x64x32_stage3_warpsize4x2x1_g1_tensor16x8x8_execute_kernel__5x_cudnn,vae_conv,6.2862,11
8.25,sm90_xmma_fprop_implicit_gemm_f32f32_tf32f32_f32_nhwckrsc_nhwc_tilesize128x128x32_warpgroupsize1x1x1_g1_execute_segment_k_off_kernel__5x_cudnn,vae_conv,0.4004,6
8.25,sm90_xmma_fprop_implicit_gemm_f32f32_tf32f32_f32_nhwckrsc_nhwc_tilesize256x128x32_warpgroupsize2x1x1_g1_execute_segment_k_off_kernel__5x_cudnn,vae_conv,0.6474,4
8.25,sm90_xmma_fprop_implicit_gemm_f32f32_tf32f32_f32_nhwckrsc_nhwc_tilesize64x128x32_warpgroupsize1x1x1_g1_execute_segment_k_off_kernel__5x_cudnn,vae_conv,0.8442,9
8.25,sm90_xmma_gemm_f32f32_tf32f32_f32_nn_n_tilesize128x128x32_warpgroupsize1x1x1_execute_segment_k_off_kernel__5x_cublas,gemm,0.9003,3
8.25,tanh_scaled,norm_elementwise,0.0025,1
8.25,upsample_nearest,vae_conv,1.4485,3
8.25,"cudnn::engines_precompiled::nchwToNhwcKernel<float, float, float, (bool)0, (bool)1, (cudnnKernelDataType_t)0>(cudnn::engines_precompiled::nchw2nhwc_params_t<T3>…",vae_conv,0.6244,38
8.25,"cudnn::engines_precompiled::nchwToNhwcKernel<float, float, float, (bool)0, (bool)1, (cudnnKernelDataType_t)2>(cudnn::engines_precompiled::nchw2nhwc_params_t<T3>…",vae_conv,3.4439,24
8.25,"cudnn::engines_precompiled::nhwcToNchwKernel<float, float, float, (bool)1, (bool)0, (cudnnKernelDataType_t)0>(cudnn::engines_precompiled::nhwc2nchw_params_t<T3>…",vae_conv,0.59,20
8.25,wan_qk_norm_rope16,norm_elementwise,10.9901,200
8.25,wan_res_gate,norm_elementwise,3.3418,67
8.25,wan_res_ln,norm_elementwise,9.0876,132
8.5,add_bias_inplace,norm_elementwise,0.0635,2
8.5,cast_bf16_f32_bias_act,cast_quant,0.0217,9
8.5,cast_f32_bf16,cast_quant,0.9558,482
8.5,fa_dc90_fwd_d128,attention,137.5401,158
8.5,fvf_split_heads_rows,layout_copy,1.1624,79
8.5,gather_nd,layout_copy,0.4545,2
8.5,lincomb3,norm_elementwise,0.0103,4
8.5,memset,copies_memset,0.1352,158
8.5,mx_binary,norm_elementwise,0.0047,2
8.5,mx_block_copy,layout_copy,13.0495,352
8.5,mx_gather_nd,layout_copy,0.0814,6
8.5,mx_ln_adaln_e,norm_elementwise,2.8229,81
8.5,mx_merge_heads,layout_copy,7.8039,158
8.5,mx_unary,norm_elementwise,15.0571,79
8.5,nvjet_sm90_tst_192x144_64x5_2x1_v_bz_coopB_bias_TNT,gemm,20.0758,316
8.5,nvjet_sm90_tst_192x176_64x4_2x1_v_bz_coopB_bias_TNT,gemm,7.2677,79
8.5,nvjet_sm90_tst_192x192_64x4_1x1_h_bz_coopB_bias_TNN,gemm,14.48,79
8.5,nvjet_sm90_tst_64x56_64x14_1x4_h_bz_bias_TNT,gemm,0.0113,2
8.5,sm80_xmma_fprop_implicit_gemm_f32f32_f32f32_f32_nchwkcrs_nchw_tilesize32x32x8_stage3_warpsize1x2x1_g1_ffma_aligna4_alignc4_execute_kernel__5x_cudnn,vae_conv,0.1076,2
8.5,wan_qk_norm_rope16,norm_elementwise,12.7806,237
8.5,wan_res_gate,norm_elementwise,3.8977,79
8.5,wan_res_ln,norm_elementwise,10.6785,158
8.75,add_bias_inplace,norm_elementwise,2.6354,32
8.75,add_scalar,norm_elementwise,0.0612,1
8.75,apply_rotary_bshd,norm_elementwise,0.9193,30
8.75,block_copy,layout_copy,3.2358,55
8.75,cast_bf16_f32_bias_act,cast_quant,0.0241,10
8.75,cast_f32_bf16,cast_quant,1.7926,445
8.75,clamp_f,norm_elementwise,3.3595,30
8.75,elem_add,norm_elementwise,0.8009,9
8.75,fa_dc90_fwd_d128,attention,117.094,133
8.75,fvf_split_heads_rows,layout_copy,0.9978,67
8.75,gather_nd,layout_copy,0.6873,3
8.75,lincomb3,norm_elementwise,0.0071,3
8.75,memcpy DtoH,copies_memset,0.7964,2
8.75,memcpy HtoD,copies_memset,1.4741,11
8.75,memset,copies_memset,0.1356,156
8.75,mul_scalar,norm_elementwise,0.0621,1
8.75,mx_binary,norm_elementwise,0.0075,3
8.75,mx_block_copy,layout_copy,8.4923,243
8.75,mx_gather_nd,layout_copy,0.1771,13
8.75,mx_ln_adaln_e,norm_elementwise,2.4929,70
8.75,mx_merge_heads,layout_copy,6.7659,134
8.75,mx_unary,norm_elementwise,12.9951,67
8.75,nvjet_sm90_tst_192x144_64x5_2x1_v_bz_coopB_bias_TNT,gemm,17.209,268
8.75,nvjet_sm90_tst_192x176_64x4_2x1_v_bz_coopB_bias_TNT,gemm,6.2406,67
8.75,nvjet_sm90_tst_192x192_64x4_1x1_h_bz_coopB_bias_TNN,gemm,12.3878,67
8.75,nvjet_sm90_tst_64x56_64x14_1x4_h_bz_bias_TNT,gemm,0.0173,3
8.75,pack_rgb_u8,layout_copy,0.0343,1
8.75,sm80_xmma_fprop_implicit_gemm_f32f32_f32f32_f32_nchwkcrs_nchw_tilesize32x32x8_stage3_warpsize1x2x1_g1_ffma_aligna4_alignc4_execute_kernel__5x_cudnn,vae_conv,0.2302,4
8.75,sm80_xmma_fprop_implicit_gemm_indexed_wo_smem_tf32f32_tf32f32_f32_nhwckrsc_nhwc_tilesize128x16x64_stage1_warpsize4x1x1_g1_tensor16x8x8_alignc4_execute_kernel__5…,vae_conv,1.2938,1
8.75,sm80_xmma_fprop_implicit_gemm_tf32f32_tf32f32_f32_nhwckrsc_nchw_tilesize256x64x32_stage3_warpsize4x2x1_g1_tensor16x8x8_execute_kernel__5x_cudnn,vae_conv,6.1442,11
8.75,sm90_xmma_fprop_implicit_gemm_f32f32_tf32f32_f32_nhwckrsc_nhwc_tilesize128x128x32_warpgroupsize1x1x1_g1_execute_segment_k_off_kernel__5x_cudnn,vae_conv,0.4105,6
8.75,sm90_xmma_fprop_implicit_gemm_f32f32_tf32f32_f32_nhwckrsc_nhwc_tilesize256x128x32_warpgroupsize2x1x1_g1_execute_segment_k_off_kernel__5x_cudnn,vae_conv,0.6496,4
8.75,sm90_xmma_fprop_implicit_gemm_f32f32_tf32f32_f32_nhwckrsc_nhwc_tilesize64x128x32_warpgroupsize1x1x1_g1_execute_segment_k_off_kernel__5x_cudnn,vae_conv,0.8668,9
8.75,sm90_xmma_gemm_f32f32_tf32f32_f32_nn_n_tilesize128x128x32_warpgroupsize1x1x1_execute_segment_k_off_kernel__5x_cublas,gemm,0.8961,3
8.75,tanh_scaled,norm_elementwise,0.0025,1
8.75,upsample_nearest,vae_conv,1.4177,3
8.75,"cudnn::engines_precompiled::nchwToNhwcKernel<float, float, float, (bool)0, (bool)1, (cudnnKernelDataType_t)0>(cudnn::engines_precompiled::nchw2nhwc_params_t<T3>…",vae_conv,0.6222,38
8.75,"cudnn::engines_precompiled::nchwToNhwcKernel<float, float, float, (bool)0, (bool)1, (cudnnKernelDataType_t)2>(cudnn::engines_precompiled::nchw2nhwc_params_t<T3>…",vae_conv,3.4442,24
8.75,"cudnn::engines_precompiled::nhwcToNchwKernel<float, float, float, (bool)1, (bool)0, (cudnnKernelDataType_t)0>(cudnn::engines_precompiled::nhwc2nchw_params_t<T3>…",vae_conv,0.5891,20
8.75,wan_qk_norm_rope16,norm_elementwise,11.028,201
8.75,wan_res_gate,norm_elementwise,3.339,67
8.75,wan_res_ln,norm_elementwise,9.2272,134
9.0,add_bias_inplace,norm_elementwise,0.0636,2
9.0,cast_bf16_f32_bias_act,cast_quant,0.0217,9
9.0,cast_f32_bf16,cast_quant,0.9441,476
9.0,fa_dc90_fwd_d128,attention,137.8895,157
9.0,fvf_split_heads_rows,layout_copy,1.1466,78
9.0,gather_nd,layout_copy,0.4561,2
9.0,lincomb3,norm_elementwise,0.0101,4
9.0,memset,copies_memset,0.1331,156
9.0,mx_binary,norm_elementwise,0.0047,2
9.0,mx_block_copy,layout_copy,14.8253,399
9.0,mx_gather_nd,layout_copy,0.0821,6
9.0,mx_ln_adaln_e,norm_elementwise,2.7934,80
9.0,mx_merge_heads,layout_copy,7.7235,156
9.0,mx_unary,norm_elementwise,14.8936,78
9.0,nvjet_sm90_tst_192x144_64x5_2x1_v_bz_coopB_bias_TNT,gemm,19.8345,312
9.0,nvjet_sm90_tst_192x176_64x4_2x1_v_bz_coopB_bias_TNT,gemm,7.1804,78
9.0,nvjet_sm90_tst_192x192_64x4_1x1_h_bz_coopB_bias_TNN,gemm,14.3021,78
9.0,nvjet_sm90_tst_64x56_64x14_1x4_h_bz_bias_TNT,gemm,0.0113,2
9.0,sm80_xmma_fprop_implicit_gemm_f32f32_f32f32_f32_nchwkcrs_nchw_tilesize32x32x8_stage3_warpsize1x2x1_g1_ffma_aligna4_alignc4_execute_kernel__5x_cudnn,vae_conv,0.1082,2
9.0,wan_qk_norm_rope16,norm_elementwise,12.6426,234
9.0,wan_res_gate,norm_elementwise,3.8544,78
9.0,wan_res_ln,norm_elementwise,10.566,156
9.25,add_bias_inplace,norm_elementwise,2.6522,32
9.25,add_scalar,norm_elementwise,0.062,1
9.25,apply_rotary_bshd,norm_elementwise,0.916,30
9.25,block_copy,layout_copy,3.2518,55
9.25,cast_bf16_f32_bias_act,cast_quant,0.0244,10
9.25,cast_f32_bf16,cast_quant,1.7951,445
9.25,clamp_f,norm_elementwise,3.3696,30
9.25,elem_add,norm_elementwise,0.8046,9
9.25,fa_dc90_fwd_d128,attention,119.3101,134
9.25,fvf_split_heads_rows,layout_copy,0.9963,67
9.25,gather_nd,layout_copy,0.6858,3
9.25,lincomb3,norm_elementwise,0.0073,3
9.25,memcpy DtoH,copies_memset,0.7891,2
9.25,memcpy HtoD,copies_memset,1.4665,11
9.25,memset,copies_memset,0.1362,156
9.25,mul_scalar,norm_elementwise,0.0613,1
9.25,mx_binary,norm_elementwise,0.0074,3
9.25,mx_block_copy,layout_copy,6.9439,202
9.25,mx_gather_nd,layout_copy,0.1768,13
9.25,mx_ln_adaln_e,norm_elementwise,2.501,70
9.25,mx_merge_heads,layout_copy,6.7816,134
9.25,mx_unary,norm_elementwise,13.0145,67
9.25,nvjet_sm90_tst_192x144_64x5_2x1_v_bz_coopB_bias_TNT,gemm,17.231,268
9.25,nvjet_sm90_tst_192x176_64x4_2x1_v_bz_coopB_bias_TNT,gemm,6.2452,67
9.25,nvjet_sm90_tst_192x192_64x4_1x1_h_bz_coopB_bias_TNN,gemm,12.4395,67
9.25,nvjet_sm90_tst_64x56_64x14_1x4_h_bz_bias_TNT,gemm,0.0174,3
9.25,pack_rgb_u8,layout_copy,0.0337,1
9.25,sm80_xmma_fprop_implicit_gemm_f32f32_f32f32_f32_nchwkcrs_nchw_tilesize32x32x8_stage3_warpsize1x2x1_g1_ffma_aligna4_alignc4_execute_kernel__5x_cudnn,vae_conv,0.2304,4
9.25,sm80_xmma_fprop_implicit_gemm_indexed_wo_smem_tf32f32_tf32f32_f32_nhwckrsc_nhwc_tilesize128x16x64_stage1_warpsize4x1x1_g1_tensor16x8x8_alignc4_execute_kernel__5…,vae_conv,1.3036,1
9.25,sm80_xmma_fprop_implicit_gemm_tf32f32_tf32f32_f32_nhwckrsc_nchw_tilesize256x64x32_stage3_warpsize4x2x1_g1_tensor16x8x8_execute_kernel__5x_cudnn,vae_conv,6.1997,11
9.25,sm90_xmma_fprop_implicit_gemm_f32f32_tf32f32_f32_nhwckrsc_nhwc_tilesize128x128x32_warpgroupsize1x1x1_g1_execute_segment_k_off_kernel__5x_cudnn,vae_conv,0.4036,6
9.25,sm90_xmma_fprop_implicit_gemm_f32f32_tf32f32_f32_nhwckrsc_nhwc_tilesize256x128x32_warpgroupsize2x1x1_g1_execute_segment_k_off_kernel__5x_cudnn,vae_conv,0.655,4
9.25,sm90_xmma_fprop_implicit_gemm_f32f32_tf32f32_f32_nhwckrsc_nhwc_tilesize64x128x32_warpgroupsize1x1x1_g1_execute_segment_k_off_kernel__5x_cudnn,vae_conv,0.8709,9
9.25,sm90_xmma_gemm_f32f32_tf32f32_f32_nn_n_tilesize128x128x32_warpgroupsize1x1x1_execute_segment_k_off_kernel__5x_cublas,gemm,0.8982,3
9.25,tanh_scaled,norm_elementwise,0.0025,1
9.25,upsample_nearest,vae_conv,1.427,3
9.25,"cudnn::engines_precompiled::nchwToNhwcKernel<float, float, float, (bool)0, (bool)1, (cudnnKernelDataType_t)0>(cudnn::engines_precompiled::nchw2nhwc_params_t<T3>…",vae_conv,0.6232,38
9.25,"cudnn::engines_precompiled::nchwToNhwcKernel<float, float, float, (bool)0, (bool)1, (cudnnKernelDataType_t)2>(cudnn::engines_precompiled::nchw2nhwc_params_t<T3>…",vae_conv,3.4444,24
9.25,"cudnn::engines_precompiled::nhwcToNchwKernel<float, float, float, (bool)1, (bool)0, (cudnnKernelDataType_t)0>(cudnn::engines_precompiled::nhwc2nchw_params_t<T3>…",vae_conv,0.5893,20
9.25,wan_qk_norm_rope16,norm_elementwise,11.0545,201
9.25,wan_res_gate,norm_elementwise,3.3412,67
9.25,wan_res_ln,norm_elementwise,9.2379,134
9.5,add_bias_inplace,norm_elementwise,0.0634,2
9.5,cast_bf16_f32_bias_act,cast_quant,0.0216,9
9.5,cast_f32_bf16,cast_quant,0.9418,476
9.5,fa_dc90_fwd_d128,attention,135.5422,156
9.5,fvf_split_heads_rows,layout_copy,1.1452,78
9.5,gather_nd,layout_copy,0.4544,2
9.5,lincomb3,norm_elementwise,0.0101,4
9.5,memset,copies_memset,0.1328,156
9.5,mx_binary,norm_elementwise,0.0049,2
9.5,mx_block_copy,layout_copy,16.3186,440
9.5,mx_gather_nd,layout_copy,0.0812,6
9.5,mx_ln_adaln_e,norm_elementwise,2.7779,80
9.5,mx_merge_heads,layout_copy,7.6825,156
9.5,mx_unary,norm_elementwise,14.8384,78
9.5,nvjet_sm90_tst_192x144_64x5_2x1_v_bz_coopB_bias_TNT,gemm,19.7321,312
9.5,nvjet_sm90_tst_192x176_64x4_2x1_v_bz_coopB_bias_TNT,gemm,7.1393,78
9.5,nvjet_sm90_tst_192x192_64x4_1x1_h_bz_coopB_bias_TNN,gemm,14.2465,78
9.5,nvjet_sm90_tst_64x56_64x14_1x4_h_bz_bias_TNT,gemm,0.0114,2
9.5,sm80_xmma_fprop_implicit_gemm_f32f32_f32f32_f32_nchwkcrs_nchw_tilesize32x32x8_stage3_warpsize1x2x1_g1_ffma_aligna4_alignc4_execute_kernel__5x_cudnn,vae_conv,0.1076,2
9.5,wan_qk_norm_rope16,norm_elementwise,12.5829,234
9.5,wan_res_gate,norm_elementwise,3.8369,78
9.5,wan_res_ln,norm_elementwise,10.5179,156
9.75,add_bias_inplace,norm_elementwise,2.6206,31
9.75,add_scalar,norm_elementwise,0.062,1
9.75,block_copy,layout_copy,3.2488,54
9.75,cast_bf16_f32_bias_act,cast_quant,0.0222,9
9.75,cast_f32_bf16,cast_quant,0.8691,433
9.75,clamp_f,norm_elementwise,3.3678,30
9.75,elem_add,norm_elementwise,0.8065,9
9.75,fa_dc90_fwd_d128,attention,124.063,141
9.75,fvf_split_heads_rows,layout_copy,1.0374,70
9.75,gather_nd,layout_copy,0.4612,2
9.75,lincomb3,norm_elementwise,0.0073,3
9.75,memcpy DtoH,copies_memset,0.803,2
9.75,memcpy HtoD,copies_memset,0.0008,1
9.75,memset,copies_memset,0.1419,163
9.75,mul_scalar,norm_elementwise,0.0612,1
9.75,mx_binary,norm_elementwise,0.0073,3
9.75,mx_block_copy,layout_copy,5.3404,148
9.75,mx_gather_nd,layout_copy,0.1241,9
9.75,mx_ln_adaln_e,norm_elementwise,2.5928,73
9.75,mx_merge_heads,layout_copy,7.1442,142
9.75,mx_unary,norm_elementwise,13.7248,71
9.75,nvjet_sm90_tst_192x144_64x5_2x1_v_bz_coopB_bias_TNT,gemm,18.1876,284
9.75,nvjet_sm90_tst_192x176_64x4_2x1_v_bz_coopB_bias_TNT,gemm,6.5033,70
9.75,nvjet_sm90_tst_192x192_64x4_1x1_h_bz_coopB_bias_TNN,gemm,13.1056,71
9.75,nvjet_sm90_tst_64x56_64x14_1x4_h_bz_bias_TNT,gemm,0.0173,3
9.75,pack_rgb_u8,layout_copy,0.0337,1
9.75,sm80_xmma_fprop_implicit_gemm_f32f32_f32f32_f32_nchwkcrs_nchw_tilesize32x32x8_stage3_warpsize1x2x1_g1_ffma_aligna4_alignc4_execute_kernel__5x_cudnn,vae_conv,0.1779,3
9.75,sm80_xmma_fprop_implicit_gemm_indexed_wo_smem_tf32f32_tf32f32_f32_nhwckrsc_nhwc_tilesize128x16x64_stage1_warpsize4x1x1_g1_tensor16x8x8_alignc4_execute_kernel__5…,vae_conv,1.2963,1
9.75,sm80_xmma_fprop_implicit_gemm_tf32f32_tf32f32_f32_nhwckrsc_nchw_tilesize256x64x32_stage3_warpsize4x2x1_g1_tensor16x8x8_execute_kernel__5x_cudnn,vae_conv,6.192,11
9.75,sm90_xmma_fprop_implicit_gemm_f32f32_tf32f32_f32_nhwckrsc_nhwc_tilesize128x128x32_warpgroupsize1x1x1_g1_execute_segment_k_off_kernel__5x_cudnn,vae_conv,0.4012,6
9.75,sm90_xmma_fprop_implicit_gemm_f32f32_tf32f32_f32_nhwckrsc_nhwc_tilesize256x128x32_warpgroupsize2x1x1_g1_execute_segment_k_off_kernel__5x_cudnn,vae_conv,0.6439,4
9.75,sm90_xmma_fprop_implicit_gemm_f32f32_tf32f32_f32_nhwckrsc_nhwc_tilesize64x128x32_warpgroupsize1x1x1_g1_execute_segment_k_off_kernel__5x_cudnn,vae_conv,0.8611,9
9.75,sm90_xmma_gemm_f32f32_tf32f32_f32_nn_n_tilesize128x128x32_warpgroupsize1x1x1_execute_segment_k_off_kernel__5x_cublas,gemm,0.8999,3
9.75,tanh_scaled,norm_elementwise,0.0024,1
9.75,upsample_nearest,vae_conv,1.4402,3
9.75,"cudnn::engines_precompiled::nchwToNhwcKernel<float, float, float, (bool)0, (bool)1, (cudnnKernelDataType_t)0>(cudnn::engines_precompiled::nchw2nhwc_params_t<T3>…",vae_conv,0.6244,38
9.75,"cudnn::engines_precompiled::nchwToNhwcKernel<float, float, float, (bool)0, (bool)1, (cudnnKernelDataType_t)2>(cudnn::engines_precompiled::nchw2nhwc_params_t<T3>…",vae_conv,3.4415,24
9.75,"cudnn::engines_precompiled::nhwcToNchwKernel<float, float, float, (bool)1, (bool)0, (cudnnKernelDataType_t)0>(cudnn::engines_precompiled::nhwc2nchw_params_t<T3>…",vae_conv,0.5892,20
9.75,wan_qk_norm_rope16,norm_elementwise,11.5281,211
9.75,wan_res_gate,norm_elementwise,3.5288,71
9.75,wan_res_ln,norm_elementwise,9.7417,142
