2026/09/28 16:49:54.151, 0 MiB, 33 %
2026/09/28 16:49:59.154, 527 MiB, 0 %
2026/09/28 16:50:04.155, 605 MiB, 0 %
2026/09/28 16:50:09.156, 605 MiB, 0 %
2026/09/28 16:50:14.157, 605 MiB, 0 %
2026/09/28 16:50:19.158, 605 MiB, 0 %
2026/09/28 16:50:24.159, 605 MiB, 0 %
2026/09/28 16:50:29.159, 1053 MiB, 1 %
2026/09/28 16:50:34.160, 2461 MiB, 0 %
2026/09/28 16:50:39.161, 3773 MiB, 0 %
2026/09/28 16:50:44.162, 5085 MiB, 1 %
2026/09/28 16:50:49.163, 6429 MiB, 0 %
2026/09/28 16:50:54.164, 7741 MiB, 1 %
2026/09/28 16:50:59.165, 9085 MiB, 2 %
2026/09/28 16:51:04.165, 9437 MiB, 0 %
2026/09/28 16:51:09.166, 9981 MiB, 1 %
2026/09/28 16:51:14.167, 11037 MiB, 1 %
2026/09/28 16:51:19.168, 12093 MiB, 1 %
2026/09/28 16:51:24.168, 24297 MiB, 100 %
2026/09/28 16:51:29.169, 25175 MiB, 99 %
2026/09/28 16:51:34.170, 25431 MiB, 100 %
2026/09/28 16:51:39.171, 25431 MiB, 100 %
2026/09/28 16:51:44.172, 25431 MiB, 84 %
2026/09/28 16:51:49.172, 25431 MiB, 100 %
2026/09/28 16:51:54.173, 25431 MiB, 98 %
2026/09/28 16:51:59.174, 25431 MiB, 100 %
2026/09/28 16:52:04.175, 25431 MiB, 100 %
2026/09/28 16:52:09.176, 25431 MiB, 79 %
2026/09/28 16:52:14.176, 25431 MiB, 100 %
2026/09/28 16:52:19.177, 25431 MiB, 100 %
2026/09/28 16:52:24.178, 25431 MiB, 100 %
2026/09/28 16:52:29.179, 25431 MiB, 100 %
2026/09/28 16:52:34.180, 25463 MiB, 81 %
2026/09/28 16:52:39.181, 25463 MiB, 100 %
2026/09/28 16:52:44.182, 25463 MiB, 89 %
2026/09/28 16:52:49.182, 25815 MiB, 100 %
2026/09/28 16:52:54.183, 25815 MiB, 100 %
2026/09/28 16:52:59.184, 25815 MiB, 100 %
2026/09/28 16:53:04.185, 25815 MiB, 100 %
2026/09/28 16:53:09.186, 25815 MiB, 100 %
2026/09/28 16:53:14.186, 25815 MiB, 100 %
2026/09/28 16:53:19.187, 25815 MiB, 80 %
2026/09/28 16:53:24.188, 25815 MiB, 100 %
2026/09/28 16:53:29.189, 25815 MiB, 100 %
2026/09/28 16:53:34.189, 25815 MiB, 100 %
2026/09/28 16:53:39.190, 25815 MiB, 100 %
2026/09/28 16:53:44.191, 25815 MiB, 100 %
2026/09/28 16:53:49.192, 25815 MiB, 100 %
2026/09/28 16:53:54.192, 25815 MiB, 77 %
2026/09/28 16:53:59.193, 25815 MiB, 100 %
2026/09/28 16:54:04.194, 25815 MiB, 96 %
2026/09/28 16:54:09.195, 25815 MiB, 100 %
2026/09/28 16:54:14.195, 25815 MiB, 100 %
2026/09/28 16:54:19.196, 25815 MiB, 100 %
2026/09/28 16:54:24.197, 25815 MiB, 100 %
2026/09/28 16:54:29.197, 25815 MiB, 100 %
2026/09/28 16:54:34.198, 25815 MiB, 100 %
2026/09/28 16:54:39.199, 25815 MiB, 100 %
2026/09/28 16:54:44.200, 25815 MiB, 100 %
2026/09/28 16:54:49.200, 25815 MiB, 100 %
2026/09/28 16:54:54.201, 26167 MiB, 100 %
2026/09/28 16:54:59.202, 26167 MiB, 80 %
2026/09/28 16:55:04.203, 26167 MiB, 100 %
2026/09/28 16:55:09.203, 26167 MiB, 79 %
2026/09/28 16:55:14.204, 26167 MiB, 100 %
2026/09/28 16:55:19.205, 26167 MiB, 98 %
2026/09/28 16:55:24.206, 26167 MiB, 100 %
2026/09/28 16:55:29.207, 26167 MiB, 100 %
2026/09/28 16:55:34.207, 26167 MiB, 100 %
2026/09/28 16:55:39.208, 26167 MiB, 100 %
2026/09/28 16:55:44.209, 26167 MiB, 100 %
2026/09/28 16:55:49.210, 26167 MiB, 100 %
2026/09/28 16:55:54.210, 26167 MiB, 100 %
2026/09/28 16:55:59.211, 26167 MiB, 100 %
2026/09/28 16:56:04.212, 26167 MiB, 82 %
2026/09/28 16:56:09.213, 26167 MiB, 100 %
2026/09/28 16:56:14.213, 26167 MiB, 78 %
2026/09/28 16:56:19.214, 26167 MiB, 100 %
2026/09/28 16:56:24.215, 26167 MiB, 98 %
2026/09/28 16:56:29.216, 25335 MiB, 0 %
2026/09/28 16:56:34.217, 25495 MiB, 99 %
2026/09/28 16:56:39.217, 26361 MiB, 100 %
2026/09/28 16:56:44.218, 26361 MiB, 100 %
2026/09/28 16:56:49.219, 26361 MiB, 100 %
2026/09/28 16:56:54.220, 26361 MiB, 98 %
2026/09/28 16:56:59.220, 26361 MiB, 79 %
2026/09/28 16:57:04.221, 26361 MiB, 78 %
2026/09/28 16:57:09.222, 26361 MiB, 0 %
2026/09/28 16:57:14.223, 26421 MiB, 100 %
2026/09/28 16:57:19.224, 25539 MiB, 0 %
