# nvidia/Cosmos3-Super@f543c56225b2e04d0ad141e29655be3a45d9c455 transformer/ (27 shards, 128.04 GB)
# key<TAB>dtype<TAB>shape  (dtype/shape from the shard 1 and 27 safetensors headers; - when not read)
action_modality_embed	BF16	5120
action_proj_in.bias.weight	BF16	32x5120
action_proj_in.fc.weight	BF16	32x327680
action_proj_out.bias.weight	BF16	32x64
action_proj_out.fc.weight	BF16	32x327680
audio_modality_embed	BF16	5120
audio_proj_in.bias	BF16	5120
audio_proj_in.weight	BF16	5120x64
audio_proj_out.bias	BF16	64
audio_proj_out.weight	BF16	64x5120
embed_tokens.weight	BF16	151936x5120
layers.0.input_layernorm.weight	BF16	5120
layers.0.input_layernorm_moe_gen.weight	BF16	5120
layers.0.mlp.down_proj.weight	BF16	5120x25600
layers.0.mlp.gate_proj.weight	BF16	25600x5120
layers.0.mlp.up_proj.weight	BF16	25600x5120
layers.0.mlp_moe_gen.down_proj.weight	BF16	5120x25600
layers.0.mlp_moe_gen.gate_proj.weight	BF16	25600x5120
layers.0.mlp_moe_gen.up_proj.weight	BF16	25600x5120
layers.0.post_attention_layernorm.weight	BF16	5120
layers.0.post_attention_layernorm_moe_gen.weight	BF16	5120
layers.0.self_attn.add_k_proj.weight	BF16	1024x5120
layers.0.self_attn.add_q_proj.weight	BF16	8192x5120
layers.0.self_attn.add_v_proj.weight	BF16	1024x5120
layers.0.self_attn.norm_added_k.weight	BF16	128
layers.0.self_attn.norm_added_q.weight	BF16	128
layers.0.self_attn.norm_k.weight	BF16	128
layers.0.self_attn.norm_q.weight	BF16	128
layers.0.self_attn.to_add_out.weight	BF16	5120x8192
layers.0.self_attn.to_k.weight	BF16	1024x5120
layers.0.self_attn.to_out.weight	BF16	5120x8192
layers.0.self_attn.to_q.weight	BF16	8192x5120
layers.0.self_attn.to_v.weight	BF16	1024x5120
layers.1.input_layernorm.weight	-	-
layers.1.input_layernorm_moe_gen.weight	-	-
layers.1.mlp.down_proj.weight	BF16	5120x25600
layers.1.mlp.gate_proj.weight	BF16	25600x5120
layers.1.mlp.up_proj.weight	BF16	25600x5120
layers.1.mlp_moe_gen.down_proj.weight	-	-
layers.1.mlp_moe_gen.gate_proj.weight	BF16	25600x5120
layers.1.mlp_moe_gen.up_proj.weight	-	-
layers.1.post_attention_layernorm.weight	-	-
layers.1.post_attention_layernorm_moe_gen.weight	-	-
layers.1.self_attn.add_k_proj.weight	BF16	1024x5120
layers.1.self_attn.add_q_proj.weight	BF16	8192x5120
layers.1.self_attn.add_v_proj.weight	BF16	1024x5120
layers.1.self_attn.norm_added_k.weight	BF16	128
layers.1.self_attn.norm_added_q.weight	BF16	128
layers.1.self_attn.norm_k.weight	BF16	128
layers.1.self_attn.norm_q.weight	BF16	128
layers.1.self_attn.to_add_out.weight	BF16	5120x8192
layers.1.self_attn.to_k.weight	BF16	1024x5120
layers.1.self_attn.to_out.weight	BF16	5120x8192
layers.1.self_attn.to_q.weight	BF16	8192x5120
layers.1.self_attn.to_v.weight	BF16	1024x5120
layers.10.input_layernorm.weight	-	-
layers.10.input_layernorm_moe_gen.weight	-	-
layers.10.mlp.down_proj.weight	-	-
layers.10.mlp.gate_proj.weight	-	-
layers.10.mlp.up_proj.weight	-	-
layers.10.mlp_moe_gen.down_proj.weight	-	-
layers.10.mlp_moe_gen.gate_proj.weight	-	-
layers.10.mlp_moe_gen.up_proj.weight	-	-
layers.10.post_attention_layernorm.weight	-	-
layers.10.post_attention_layernorm_moe_gen.weight	-	-
layers.10.self_attn.add_k_proj.weight	-	-
layers.10.self_attn.add_q_proj.weight	-	-
layers.10.self_attn.add_v_proj.weight	-	-
layers.10.self_attn.norm_added_k.weight	-	-
layers.10.self_attn.norm_added_q.weight	-	-
layers.10.self_attn.norm_k.weight	-	-
layers.10.self_attn.norm_q.weight	-	-
layers.10.self_attn.to_add_out.weight	-	-
layers.10.self_attn.to_k.weight	-	-
layers.10.self_attn.to_out.weight	-	-
layers.10.self_attn.to_q.weight	-	-
layers.10.self_attn.to_v.weight	-	-
layers.11.input_layernorm.weight	-	-
layers.11.input_layernorm_moe_gen.weight	-	-
layers.11.mlp.down_proj.weight	-	-
layers.11.mlp.gate_proj.weight	-	-
layers.11.mlp.up_proj.weight	-	-
layers.11.mlp_moe_gen.down_proj.weight	-	-
layers.11.mlp_moe_gen.gate_proj.weight	-	-
layers.11.mlp_moe_gen.up_proj.weight	-	-
layers.11.post_attention_layernorm.weight	-	-
layers.11.post_attention_layernorm_moe_gen.weight	-	-
layers.11.self_attn.add_k_proj.weight	-	-
layers.11.self_attn.add_q_proj.weight	-	-
layers.11.self_attn.add_v_proj.weight	-	-
layers.11.self_attn.norm_added_k.weight	-	-
layers.11.self_attn.norm_added_q.weight	-	-
layers.11.self_attn.norm_k.weight	-	-
layers.11.self_attn.norm_q.weight	-	-
layers.11.self_attn.to_add_out.weight	-	-
layers.11.self_attn.to_k.weight	-	-
layers.11.self_attn.to_out.weight	-	-
layers.11.self_attn.to_q.weight	-	-
layers.11.self_attn.to_v.weight	-	-
layers.12.input_layernorm.weight	-	-
layers.12.input_layernorm_moe_gen.weight	-	-
layers.12.mlp.down_proj.weight	-	-
layers.12.mlp.gate_proj.weight	-	-
layers.12.mlp.up_proj.weight	-	-
layers.12.mlp_moe_gen.down_proj.weight	-	-
layers.12.mlp_moe_gen.gate_proj.weight	-	-
layers.12.mlp_moe_gen.up_proj.weight	-	-
layers.12.post_attention_layernorm.weight	-	-
layers.12.post_attention_layernorm_moe_gen.weight	-	-
layers.12.self_attn.add_k_proj.weight	-	-
layers.12.self_attn.add_q_proj.weight	-	-
layers.12.self_attn.add_v_proj.weight	-	-
layers.12.self_attn.norm_added_k.weight	-	-
layers.12.self_attn.norm_added_q.weight	-	-
layers.12.self_attn.norm_k.weight	-	-
layers.12.self_attn.norm_q.weight	-	-
layers.12.self_attn.to_add_out.weight	-	-
layers.12.self_attn.to_k.weight	-	-
layers.12.self_attn.to_out.weight	-	-
layers.12.self_attn.to_q.weight	-	-
layers.12.self_attn.to_v.weight	-	-
layers.13.input_layernorm.weight	-	-
layers.13.input_layernorm_moe_gen.weight	-	-
layers.13.mlp.down_proj.weight	-	-
layers.13.mlp.gate_proj.weight	-	-
layers.13.mlp.up_proj.weight	-	-
layers.13.mlp_moe_gen.down_proj.weight	-	-
layers.13.mlp_moe_gen.gate_proj.weight	-	-
layers.13.mlp_moe_gen.up_proj.weight	-	-
layers.13.post_attention_layernorm.weight	-	-
layers.13.post_attention_layernorm_moe_gen.weight	-	-
layers.13.self_attn.add_k_proj.weight	-	-
layers.13.self_attn.add_q_proj.weight	-	-
layers.13.self_attn.add_v_proj.weight	-	-
layers.13.self_attn.norm_added_k.weight	-	-
layers.13.self_attn.norm_added_q.weight	-	-
layers.13.self_attn.norm_k.weight	-	-
layers.13.self_attn.norm_q.weight	-	-
layers.13.self_attn.to_add_out.weight	-	-
layers.13.self_attn.to_k.weight	-	-
layers.13.self_attn.to_out.weight	-	-
layers.13.self_attn.to_q.weight	-	-
layers.13.self_attn.to_v.weight	-	-
layers.14.input_layernorm.weight	-	-
layers.14.input_layernorm_moe_gen.weight	-	-
layers.14.mlp.down_proj.weight	-	-
layers.14.mlp.gate_proj.weight	-	-
layers.14.mlp.up_proj.weight	-	-
layers.14.mlp_moe_gen.down_proj.weight	-	-
layers.14.mlp_moe_gen.gate_proj.weight	-	-
layers.14.mlp_moe_gen.up_proj.weight	-	-
layers.14.post_attention_layernorm.weight	-	-
layers.14.post_attention_layernorm_moe_gen.weight	-	-
layers.14.self_attn.add_k_proj.weight	-	-
layers.14.self_attn.add_q_proj.weight	-	-
layers.14.self_attn.add_v_proj.weight	-	-
layers.14.self_attn.norm_added_k.weight	-	-
layers.14.self_attn.norm_added_q.weight	-	-
layers.14.self_attn.norm_k.weight	-	-
layers.14.self_attn.norm_q.weight	-	-
layers.14.self_attn.to_add_out.weight	-	-
layers.14.self_attn.to_k.weight	-	-
layers.14.self_attn.to_out.weight	-	-
layers.14.self_attn.to_q.weight	-	-
layers.14.self_attn.to_v.weight	-	-
layers.15.input_layernorm.weight	-	-
layers.15.input_layernorm_moe_gen.weight	-	-
layers.15.mlp.down_proj.weight	-	-
layers.15.mlp.gate_proj.weight	-	-
layers.15.mlp.up_proj.weight	-	-
layers.15.mlp_moe_gen.down_proj.weight	-	-
layers.15.mlp_moe_gen.gate_proj.weight	-	-
layers.15.mlp_moe_gen.up_proj.weight	-	-
layers.15.post_attention_layernorm.weight	-	-
layers.15.post_attention_layernorm_moe_gen.weight	-	-
layers.15.self_attn.add_k_proj.weight	-	-
layers.15.self_attn.add_q_proj.weight	-	-
layers.15.self_attn.add_v_proj.weight	-	-
layers.15.self_attn.norm_added_k.weight	-	-
layers.15.self_attn.norm_added_q.weight	-	-
layers.15.self_attn.norm_k.weight	-	-
layers.15.self_attn.norm_q.weight	-	-
layers.15.self_attn.to_add_out.weight	-	-
layers.15.self_attn.to_k.weight	-	-
layers.15.self_attn.to_out.weight	-	-
layers.15.self_attn.to_q.weight	-	-
layers.15.self_attn.to_v.weight	-	-
layers.16.input_layernorm.weight	-	-
layers.16.input_layernorm_moe_gen.weight	-	-
layers.16.mlp.down_proj.weight	-	-
layers.16.mlp.gate_proj.weight	-	-
layers.16.mlp.up_proj.weight	-	-
layers.16.mlp_moe_gen.down_proj.weight	-	-
layers.16.mlp_moe_gen.gate_proj.weight	-	-
layers.16.mlp_moe_gen.up_proj.weight	-	-
layers.16.post_attention_layernorm.weight	-	-
layers.16.post_attention_layernorm_moe_gen.weight	-	-
layers.16.self_attn.add_k_proj.weight	-	-
layers.16.self_attn.add_q_proj.weight	-	-
layers.16.self_attn.add_v_proj.weight	-	-
layers.16.self_attn.norm_added_k.weight	-	-
layers.16.self_attn.norm_added_q.weight	-	-
layers.16.self_attn.norm_k.weight	-	-
layers.16.self_attn.norm_q.weight	-	-
layers.16.self_attn.to_add_out.weight	-	-
layers.16.self_attn.to_k.weight	-	-
layers.16.self_attn.to_out.weight	-	-
layers.16.self_attn.to_q.weight	-	-
layers.16.self_attn.to_v.weight	-	-
layers.17.input_layernorm.weight	-	-
layers.17.input_layernorm_moe_gen.weight	-	-
layers.17.mlp.down_proj.weight	-	-
layers.17.mlp.gate_proj.weight	-	-
layers.17.mlp.up_proj.weight	-	-
layers.17.mlp_moe_gen.down_proj.weight	-	-
layers.17.mlp_moe_gen.gate_proj.weight	-	-
layers.17.mlp_moe_gen.up_proj.weight	-	-
layers.17.post_attention_layernorm.weight	-	-
layers.17.post_attention_layernorm_moe_gen.weight	-	-
layers.17.self_attn.add_k_proj.weight	-	-
layers.17.self_attn.add_q_proj.weight	-	-
layers.17.self_attn.add_v_proj.weight	-	-
layers.17.self_attn.norm_added_k.weight	-	-
layers.17.self_attn.norm_added_q.weight	-	-
layers.17.self_attn.norm_k.weight	-	-
layers.17.self_attn.norm_q.weight	-	-
layers.17.self_attn.to_add_out.weight	-	-
layers.17.self_attn.to_k.weight	-	-
layers.17.self_attn.to_out.weight	-	-
layers.17.self_attn.to_q.weight	-	-
layers.17.self_attn.to_v.weight	-	-
layers.18.input_layernorm.weight	-	-
layers.18.input_layernorm_moe_gen.weight	-	-
layers.18.mlp.down_proj.weight	-	-
layers.18.mlp.gate_proj.weight	-	-
layers.18.mlp.up_proj.weight	-	-
layers.18.mlp_moe_gen.down_proj.weight	-	-
layers.18.mlp_moe_gen.gate_proj.weight	-	-
layers.18.mlp_moe_gen.up_proj.weight	-	-
layers.18.post_attention_layernorm.weight	-	-
layers.18.post_attention_layernorm_moe_gen.weight	-	-
layers.18.self_attn.add_k_proj.weight	-	-
layers.18.self_attn.add_q_proj.weight	-	-
layers.18.self_attn.add_v_proj.weight	-	-
layers.18.self_attn.norm_added_k.weight	-	-
layers.18.self_attn.norm_added_q.weight	-	-
layers.18.self_attn.norm_k.weight	-	-
layers.18.self_attn.norm_q.weight	-	-
layers.18.self_attn.to_add_out.weight	-	-
layers.18.self_attn.to_k.weight	-	-
layers.18.self_attn.to_out.weight	-	-
layers.18.self_attn.to_q.weight	-	-
layers.18.self_attn.to_v.weight	-	-
layers.19.input_layernorm.weight	-	-
layers.19.input_layernorm_moe_gen.weight	-	-
layers.19.mlp.down_proj.weight	-	-
layers.19.mlp.gate_proj.weight	-	-
layers.19.mlp.up_proj.weight	-	-
layers.19.mlp_moe_gen.down_proj.weight	-	-
layers.19.mlp_moe_gen.gate_proj.weight	-	-
layers.19.mlp_moe_gen.up_proj.weight	-	-
layers.19.post_attention_layernorm.weight	-	-
layers.19.post_attention_layernorm_moe_gen.weight	-	-
layers.19.self_attn.add_k_proj.weight	-	-
layers.19.self_attn.add_q_proj.weight	-	-
layers.19.self_attn.add_v_proj.weight	-	-
layers.19.self_attn.norm_added_k.weight	-	-
layers.19.self_attn.norm_added_q.weight	-	-
layers.19.self_attn.norm_k.weight	-	-
layers.19.self_attn.norm_q.weight	-	-
layers.19.self_attn.to_add_out.weight	-	-
layers.19.self_attn.to_k.weight	-	-
layers.19.self_attn.to_out.weight	-	-
layers.19.self_attn.to_q.weight	-	-
layers.19.self_attn.to_v.weight	-	-
layers.2.input_layernorm.weight	-	-
layers.2.input_layernorm_moe_gen.weight	-	-
layers.2.mlp.down_proj.weight	-	-
layers.2.mlp.gate_proj.weight	-	-
layers.2.mlp.up_proj.weight	-	-
layers.2.mlp_moe_gen.down_proj.weight	-	-
layers.2.mlp_moe_gen.gate_proj.weight	-	-
layers.2.mlp_moe_gen.up_proj.weight	-	-
layers.2.post_attention_layernorm.weight	-	-
layers.2.post_attention_layernorm_moe_gen.weight	-	-
layers.2.self_attn.add_k_proj.weight	-	-
layers.2.self_attn.add_q_proj.weight	-	-
layers.2.self_attn.add_v_proj.weight	-	-
layers.2.self_attn.norm_added_k.weight	-	-
layers.2.self_attn.norm_added_q.weight	-	-
layers.2.self_attn.norm_k.weight	-	-
layers.2.self_attn.norm_q.weight	-	-
layers.2.self_attn.to_add_out.weight	-	-
layers.2.self_attn.to_k.weight	-	-
layers.2.self_attn.to_out.weight	-	-
layers.2.self_attn.to_q.weight	-	-
layers.2.self_attn.to_v.weight	-	-
layers.20.input_layernorm.weight	-	-
layers.20.input_layernorm_moe_gen.weight	-	-
layers.20.mlp.down_proj.weight	-	-
layers.20.mlp.gate_proj.weight	-	-
layers.20.mlp.up_proj.weight	-	-
layers.20.mlp_moe_gen.down_proj.weight	-	-
layers.20.mlp_moe_gen.gate_proj.weight	-	-
layers.20.mlp_moe_gen.up_proj.weight	-	-
layers.20.post_attention_layernorm.weight	-	-
layers.20.post_attention_layernorm_moe_gen.weight	-	-
layers.20.self_attn.add_k_proj.weight	-	-
layers.20.self_attn.add_q_proj.weight	-	-
layers.20.self_attn.add_v_proj.weight	-	-
layers.20.self_attn.norm_added_k.weight	-	-
layers.20.self_attn.norm_added_q.weight	-	-
layers.20.self_attn.norm_k.weight	-	-
layers.20.self_attn.norm_q.weight	-	-
layers.20.self_attn.to_add_out.weight	-	-
layers.20.self_attn.to_k.weight	-	-
layers.20.self_attn.to_out.weight	-	-
layers.20.self_attn.to_q.weight	-	-
layers.20.self_attn.to_v.weight	-	-
layers.21.input_layernorm.weight	-	-
layers.21.input_layernorm_moe_gen.weight	-	-
layers.21.mlp.down_proj.weight	-	-
layers.21.mlp.gate_proj.weight	-	-
layers.21.mlp.up_proj.weight	-	-
layers.21.mlp_moe_gen.down_proj.weight	-	-
layers.21.mlp_moe_gen.gate_proj.weight	-	-
layers.21.mlp_moe_gen.up_proj.weight	-	-
layers.21.post_attention_layernorm.weight	-	-
layers.21.post_attention_layernorm_moe_gen.weight	-	-
layers.21.self_attn.add_k_proj.weight	-	-
layers.21.self_attn.add_q_proj.weight	-	-
layers.21.self_attn.add_v_proj.weight	-	-
layers.21.self_attn.norm_added_k.weight	-	-
layers.21.self_attn.norm_added_q.weight	-	-
layers.21.self_attn.norm_k.weight	-	-
layers.21.self_attn.norm_q.weight	-	-
layers.21.self_attn.to_add_out.weight	-	-
layers.21.self_attn.to_k.weight	-	-
layers.21.self_attn.to_out.weight	-	-
layers.21.self_attn.to_q.weight	-	-
layers.21.self_attn.to_v.weight	-	-
layers.22.input_layernorm.weight	-	-
layers.22.input_layernorm_moe_gen.weight	-	-
layers.22.mlp.down_proj.weight	-	-
layers.22.mlp.gate_proj.weight	-	-
layers.22.mlp.up_proj.weight	-	-
layers.22.mlp_moe_gen.down_proj.weight	-	-
layers.22.mlp_moe_gen.gate_proj.weight	-	-
layers.22.mlp_moe_gen.up_proj.weight	-	-
layers.22.post_attention_layernorm.weight	-	-
layers.22.post_attention_layernorm_moe_gen.weight	-	-
layers.22.self_attn.add_k_proj.weight	-	-
layers.22.self_attn.add_q_proj.weight	-	-
layers.22.self_attn.add_v_proj.weight	-	-
layers.22.self_attn.norm_added_k.weight	-	-
layers.22.self_attn.norm_added_q.weight	-	-
layers.22.self_attn.norm_k.weight	-	-
layers.22.self_attn.norm_q.weight	-	-
layers.22.self_attn.to_add_out.weight	-	-
layers.22.self_attn.to_k.weight	-	-
layers.22.self_attn.to_out.weight	-	-
layers.22.self_attn.to_q.weight	-	-
layers.22.self_attn.to_v.weight	-	-
layers.23.input_layernorm.weight	-	-
layers.23.input_layernorm_moe_gen.weight	-	-
layers.23.mlp.down_proj.weight	-	-
layers.23.mlp.gate_proj.weight	-	-
layers.23.mlp.up_proj.weight	-	-
layers.23.mlp_moe_gen.down_proj.weight	-	-
layers.23.mlp_moe_gen.gate_proj.weight	-	-
layers.23.mlp_moe_gen.up_proj.weight	-	-
layers.23.post_attention_layernorm.weight	-	-
layers.23.post_attention_layernorm_moe_gen.weight	-	-
layers.23.self_attn.add_k_proj.weight	-	-
layers.23.self_attn.add_q_proj.weight	-	-
layers.23.self_attn.add_v_proj.weight	-	-
layers.23.self_attn.norm_added_k.weight	-	-
layers.23.self_attn.norm_added_q.weight	-	-
layers.23.self_attn.norm_k.weight	-	-
layers.23.self_attn.norm_q.weight	-	-
layers.23.self_attn.to_add_out.weight	-	-
layers.23.self_attn.to_k.weight	-	-
layers.23.self_attn.to_out.weight	-	-
layers.23.self_attn.to_q.weight	-	-
layers.23.self_attn.to_v.weight	-	-
layers.24.input_layernorm.weight	-	-
layers.24.input_layernorm_moe_gen.weight	-	-
layers.24.mlp.down_proj.weight	-	-
layers.24.mlp.gate_proj.weight	-	-
layers.24.mlp.up_proj.weight	-	-
layers.24.mlp_moe_gen.down_proj.weight	-	-
layers.24.mlp_moe_gen.gate_proj.weight	-	-
layers.24.mlp_moe_gen.up_proj.weight	-	-
layers.24.post_attention_layernorm.weight	-	-
layers.24.post_attention_layernorm_moe_gen.weight	-	-
layers.24.self_attn.add_k_proj.weight	-	-
layers.24.self_attn.add_q_proj.weight	-	-
layers.24.self_attn.add_v_proj.weight	-	-
layers.24.self_attn.norm_added_k.weight	-	-
layers.24.self_attn.norm_added_q.weight	-	-
layers.24.self_attn.norm_k.weight	-	-
layers.24.self_attn.norm_q.weight	-	-
layers.24.self_attn.to_add_out.weight	-	-
layers.24.self_attn.to_k.weight	-	-
layers.24.self_attn.to_out.weight	-	-
layers.24.self_attn.to_q.weight	-	-
layers.24.self_attn.to_v.weight	-	-
layers.25.input_layernorm.weight	-	-
layers.25.input_layernorm_moe_gen.weight	-	-
layers.25.mlp.down_proj.weight	-	-
layers.25.mlp.gate_proj.weight	-	-
layers.25.mlp.up_proj.weight	-	-
layers.25.mlp_moe_gen.down_proj.weight	-	-
layers.25.mlp_moe_gen.gate_proj.weight	-	-
layers.25.mlp_moe_gen.up_proj.weight	-	-
layers.25.post_attention_layernorm.weight	-	-
layers.25.post_attention_layernorm_moe_gen.weight	-	-
layers.25.self_attn.add_k_proj.weight	-	-
layers.25.self_attn.add_q_proj.weight	-	-
layers.25.self_attn.add_v_proj.weight	-	-
layers.25.self_attn.norm_added_k.weight	-	-
layers.25.self_attn.norm_added_q.weight	-	-
layers.25.self_attn.norm_k.weight	-	-
layers.25.self_attn.norm_q.weight	-	-
layers.25.self_attn.to_add_out.weight	-	-
layers.25.self_attn.to_k.weight	-	-
layers.25.self_attn.to_out.weight	-	-
layers.25.self_attn.to_q.weight	-	-
layers.25.self_attn.to_v.weight	-	-
layers.26.input_layernorm.weight	-	-
layers.26.input_layernorm_moe_gen.weight	-	-
layers.26.mlp.down_proj.weight	-	-
layers.26.mlp.gate_proj.weight	-	-
layers.26.mlp.up_proj.weight	-	-
layers.26.mlp_moe_gen.down_proj.weight	-	-
layers.26.mlp_moe_gen.gate_proj.weight	-	-
layers.26.mlp_moe_gen.up_proj.weight	-	-
layers.26.post_attention_layernorm.weight	-	-
layers.26.post_attention_layernorm_moe_gen.weight	-	-
layers.26.self_attn.add_k_proj.weight	-	-
layers.26.self_attn.add_q_proj.weight	-	-
layers.26.self_attn.add_v_proj.weight	-	-
layers.26.self_attn.norm_added_k.weight	-	-
layers.26.self_attn.norm_added_q.weight	-	-
layers.26.self_attn.norm_k.weight	-	-
layers.26.self_attn.norm_q.weight	-	-
layers.26.self_attn.to_add_out.weight	-	-
layers.26.self_attn.to_k.weight	-	-
layers.26.self_attn.to_out.weight	-	-
layers.26.self_attn.to_q.weight	-	-
layers.26.self_attn.to_v.weight	-	-
layers.27.input_layernorm.weight	-	-
layers.27.input_layernorm_moe_gen.weight	-	-
layers.27.mlp.down_proj.weight	-	-
layers.27.mlp.gate_proj.weight	-	-
layers.27.mlp.up_proj.weight	-	-
layers.27.mlp_moe_gen.down_proj.weight	-	-
layers.27.mlp_moe_gen.gate_proj.weight	-	-
layers.27.mlp_moe_gen.up_proj.weight	-	-
layers.27.post_attention_layernorm.weight	-	-
layers.27.post_attention_layernorm_moe_gen.weight	-	-
layers.27.self_attn.add_k_proj.weight	-	-
layers.27.self_attn.add_q_proj.weight	-	-
layers.27.self_attn.add_v_proj.weight	-	-
layers.27.self_attn.norm_added_k.weight	-	-
layers.27.self_attn.norm_added_q.weight	-	-
layers.27.self_attn.norm_k.weight	-	-
layers.27.self_attn.norm_q.weight	-	-
layers.27.self_attn.to_add_out.weight	-	-
layers.27.self_attn.to_k.weight	-	-
layers.27.self_attn.to_out.weight	-	-
layers.27.self_attn.to_q.weight	-	-
layers.27.self_attn.to_v.weight	-	-
layers.28.input_layernorm.weight	-	-
layers.28.input_layernorm_moe_gen.weight	-	-
layers.28.mlp.down_proj.weight	-	-
layers.28.mlp.gate_proj.weight	-	-
layers.28.mlp.up_proj.weight	-	-
layers.28.mlp_moe_gen.down_proj.weight	-	-
layers.28.mlp_moe_gen.gate_proj.weight	-	-
layers.28.mlp_moe_gen.up_proj.weight	-	-
layers.28.post_attention_layernorm.weight	-	-
layers.28.post_attention_layernorm_moe_gen.weight	-	-
layers.28.self_attn.add_k_proj.weight	-	-
layers.28.self_attn.add_q_proj.weight	-	-
layers.28.self_attn.add_v_proj.weight	-	-
layers.28.self_attn.norm_added_k.weight	-	-
layers.28.self_attn.norm_added_q.weight	-	-
layers.28.self_attn.norm_k.weight	-	-
layers.28.self_attn.norm_q.weight	-	-
layers.28.self_attn.to_add_out.weight	-	-
layers.28.self_attn.to_k.weight	-	-
layers.28.self_attn.to_out.weight	-	-
layers.28.self_attn.to_q.weight	-	-
layers.28.self_attn.to_v.weight	-	-
layers.29.input_layernorm.weight	-	-
layers.29.input_layernorm_moe_gen.weight	-	-
layers.29.mlp.down_proj.weight	-	-
layers.29.mlp.gate_proj.weight	-	-
layers.29.mlp.up_proj.weight	-	-
layers.29.mlp_moe_gen.down_proj.weight	-	-
layers.29.mlp_moe_gen.gate_proj.weight	-	-
layers.29.mlp_moe_gen.up_proj.weight	-	-
layers.29.post_attention_layernorm.weight	-	-
layers.29.post_attention_layernorm_moe_gen.weight	-	-
layers.29.self_attn.add_k_proj.weight	-	-
layers.29.self_attn.add_q_proj.weight	-	-
layers.29.self_attn.add_v_proj.weight	-	-
layers.29.self_attn.norm_added_k.weight	-	-
layers.29.self_attn.norm_added_q.weight	-	-
layers.29.self_attn.norm_k.weight	-	-
layers.29.self_attn.norm_q.weight	-	-
layers.29.self_attn.to_add_out.weight	-	-
layers.29.self_attn.to_k.weight	-	-
layers.29.self_attn.to_out.weight	-	-
layers.29.self_attn.to_q.weight	-	-
layers.29.self_attn.to_v.weight	-	-
layers.3.input_layernorm.weight	-	-
layers.3.input_layernorm_moe_gen.weight	-	-
layers.3.mlp.down_proj.weight	-	-
layers.3.mlp.gate_proj.weight	-	-
layers.3.mlp.up_proj.weight	-	-
layers.3.mlp_moe_gen.down_proj.weight	-	-
layers.3.mlp_moe_gen.gate_proj.weight	-	-
layers.3.mlp_moe_gen.up_proj.weight	-	-
layers.3.post_attention_layernorm.weight	-	-
layers.3.post_attention_layernorm_moe_gen.weight	-	-
layers.3.self_attn.add_k_proj.weight	-	-
layers.3.self_attn.add_q_proj.weight	-	-
layers.3.self_attn.add_v_proj.weight	-	-
layers.3.self_attn.norm_added_k.weight	-	-
layers.3.self_attn.norm_added_q.weight	-	-
layers.3.self_attn.norm_k.weight	-	-
layers.3.self_attn.norm_q.weight	-	-
layers.3.self_attn.to_add_out.weight	-	-
layers.3.self_attn.to_k.weight	-	-
layers.3.self_attn.to_out.weight	-	-
layers.3.self_attn.to_q.weight	-	-
layers.3.self_attn.to_v.weight	-	-
layers.30.input_layernorm.weight	-	-
layers.30.input_layernorm_moe_gen.weight	-	-
layers.30.mlp.down_proj.weight	-	-
layers.30.mlp.gate_proj.weight	-	-
layers.30.mlp.up_proj.weight	-	-
layers.30.mlp_moe_gen.down_proj.weight	-	-
layers.30.mlp_moe_gen.gate_proj.weight	-	-
layers.30.mlp_moe_gen.up_proj.weight	-	-
layers.30.post_attention_layernorm.weight	-	-
layers.30.post_attention_layernorm_moe_gen.weight	-	-
layers.30.self_attn.add_k_proj.weight	-	-
layers.30.self_attn.add_q_proj.weight	-	-
layers.30.self_attn.add_v_proj.weight	-	-
layers.30.self_attn.norm_added_k.weight	-	-
layers.30.self_attn.norm_added_q.weight	-	-
layers.30.self_attn.norm_k.weight	-	-
layers.30.self_attn.norm_q.weight	-	-
layers.30.self_attn.to_add_out.weight	-	-
layers.30.self_attn.to_k.weight	-	-
layers.30.self_attn.to_out.weight	-	-
layers.30.self_attn.to_q.weight	-	-
layers.30.self_attn.to_v.weight	-	-
layers.31.input_layernorm.weight	-	-
layers.31.input_layernorm_moe_gen.weight	-	-
layers.31.mlp.down_proj.weight	-	-
layers.31.mlp.gate_proj.weight	-	-
layers.31.mlp.up_proj.weight	-	-
layers.31.mlp_moe_gen.down_proj.weight	-	-
layers.31.mlp_moe_gen.gate_proj.weight	-	-
layers.31.mlp_moe_gen.up_proj.weight	-	-
layers.31.post_attention_layernorm.weight	-	-
layers.31.post_attention_layernorm_moe_gen.weight	-	-
layers.31.self_attn.add_k_proj.weight	-	-
layers.31.self_attn.add_q_proj.weight	-	-
layers.31.self_attn.add_v_proj.weight	-	-
layers.31.self_attn.norm_added_k.weight	-	-
layers.31.self_attn.norm_added_q.weight	-	-
layers.31.self_attn.norm_k.weight	-	-
layers.31.self_attn.norm_q.weight	-	-
layers.31.self_attn.to_add_out.weight	-	-
layers.31.self_attn.to_k.weight	-	-
layers.31.self_attn.to_out.weight	-	-
layers.31.self_attn.to_q.weight	-	-
layers.31.self_attn.to_v.weight	-	-
layers.32.input_layernorm.weight	-	-
layers.32.input_layernorm_moe_gen.weight	-	-
layers.32.mlp.down_proj.weight	-	-
layers.32.mlp.gate_proj.weight	-	-
layers.32.mlp.up_proj.weight	-	-
layers.32.mlp_moe_gen.down_proj.weight	-	-
layers.32.mlp_moe_gen.gate_proj.weight	-	-
layers.32.mlp_moe_gen.up_proj.weight	-	-
layers.32.post_attention_layernorm.weight	-	-
layers.32.post_attention_layernorm_moe_gen.weight	-	-
layers.32.self_attn.add_k_proj.weight	-	-
layers.32.self_attn.add_q_proj.weight	-	-
layers.32.self_attn.add_v_proj.weight	-	-
layers.32.self_attn.norm_added_k.weight	-	-
layers.32.self_attn.norm_added_q.weight	-	-
layers.32.self_attn.norm_k.weight	-	-
layers.32.self_attn.norm_q.weight	-	-
layers.32.self_attn.to_add_out.weight	-	-
layers.32.self_attn.to_k.weight	-	-
layers.32.self_attn.to_out.weight	-	-
layers.32.self_attn.to_q.weight	-	-
layers.32.self_attn.to_v.weight	-	-
layers.33.input_layernorm.weight	-	-
layers.33.input_layernorm_moe_gen.weight	-	-
layers.33.mlp.down_proj.weight	-	-
layers.33.mlp.gate_proj.weight	-	-
layers.33.mlp.up_proj.weight	-	-
layers.33.mlp_moe_gen.down_proj.weight	-	-
layers.33.mlp_moe_gen.gate_proj.weight	-	-
layers.33.mlp_moe_gen.up_proj.weight	-	-
layers.33.post_attention_layernorm.weight	-	-
layers.33.post_attention_layernorm_moe_gen.weight	-	-
layers.33.self_attn.add_k_proj.weight	-	-
layers.33.self_attn.add_q_proj.weight	-	-
layers.33.self_attn.add_v_proj.weight	-	-
layers.33.self_attn.norm_added_k.weight	-	-
layers.33.self_attn.norm_added_q.weight	-	-
layers.33.self_attn.norm_k.weight	-	-
layers.33.self_attn.norm_q.weight	-	-
layers.33.self_attn.to_add_out.weight	-	-
layers.33.self_attn.to_k.weight	-	-
layers.33.self_attn.to_out.weight	-	-
layers.33.self_attn.to_q.weight	-	-
layers.33.self_attn.to_v.weight	-	-
layers.34.input_layernorm.weight	-	-
layers.34.input_layernorm_moe_gen.weight	-	-
layers.34.mlp.down_proj.weight	-	-
layers.34.mlp.gate_proj.weight	-	-
layers.34.mlp.up_proj.weight	-	-
layers.34.mlp_moe_gen.down_proj.weight	-	-
layers.34.mlp_moe_gen.gate_proj.weight	-	-
layers.34.mlp_moe_gen.up_proj.weight	-	-
layers.34.post_attention_layernorm.weight	-	-
layers.34.post_attention_layernorm_moe_gen.weight	-	-
layers.34.self_attn.add_k_proj.weight	-	-
layers.34.self_attn.add_q_proj.weight	-	-
layers.34.self_attn.add_v_proj.weight	-	-
layers.34.self_attn.norm_added_k.weight	-	-
layers.34.self_attn.norm_added_q.weight	-	-
layers.34.self_attn.norm_k.weight	-	-
layers.34.self_attn.norm_q.weight	-	-
layers.34.self_attn.to_add_out.weight	-	-
layers.34.self_attn.to_k.weight	-	-
layers.34.self_attn.to_out.weight	-	-
layers.34.self_attn.to_q.weight	-	-
layers.34.self_attn.to_v.weight	-	-
layers.35.input_layernorm.weight	-	-
layers.35.input_layernorm_moe_gen.weight	-	-
layers.35.mlp.down_proj.weight	-	-
layers.35.mlp.gate_proj.weight	-	-
layers.35.mlp.up_proj.weight	-	-
layers.35.mlp_moe_gen.down_proj.weight	-	-
layers.35.mlp_moe_gen.gate_proj.weight	-	-
layers.35.mlp_moe_gen.up_proj.weight	-	-
layers.35.post_attention_layernorm.weight	-	-
layers.35.post_attention_layernorm_moe_gen.weight	-	-
layers.35.self_attn.add_k_proj.weight	-	-
layers.35.self_attn.add_q_proj.weight	-	-
layers.35.self_attn.add_v_proj.weight	-	-
layers.35.self_attn.norm_added_k.weight	-	-
layers.35.self_attn.norm_added_q.weight	-	-
layers.35.self_attn.norm_k.weight	-	-
layers.35.self_attn.norm_q.weight	-	-
layers.35.self_attn.to_add_out.weight	-	-
layers.35.self_attn.to_k.weight	-	-
layers.35.self_attn.to_out.weight	-	-
layers.35.self_attn.to_q.weight	-	-
layers.35.self_attn.to_v.weight	-	-
layers.36.input_layernorm.weight	-	-
layers.36.input_layernorm_moe_gen.weight	-	-
layers.36.mlp.down_proj.weight	-	-
layers.36.mlp.gate_proj.weight	-	-
layers.36.mlp.up_proj.weight	-	-
layers.36.mlp_moe_gen.down_proj.weight	-	-
layers.36.mlp_moe_gen.gate_proj.weight	-	-
layers.36.mlp_moe_gen.up_proj.weight	-	-
layers.36.post_attention_layernorm.weight	-	-
layers.36.post_attention_layernorm_moe_gen.weight	-	-
layers.36.self_attn.add_k_proj.weight	-	-
layers.36.self_attn.add_q_proj.weight	-	-
layers.36.self_attn.add_v_proj.weight	-	-
layers.36.self_attn.norm_added_k.weight	-	-
layers.36.self_attn.norm_added_q.weight	-	-
layers.36.self_attn.norm_k.weight	-	-
layers.36.self_attn.norm_q.weight	-	-
layers.36.self_attn.to_add_out.weight	-	-
layers.36.self_attn.to_k.weight	-	-
layers.36.self_attn.to_out.weight	-	-
layers.36.self_attn.to_q.weight	-	-
layers.36.self_attn.to_v.weight	-	-
layers.37.input_layernorm.weight	-	-
layers.37.input_layernorm_moe_gen.weight	-	-
layers.37.mlp.down_proj.weight	-	-
layers.37.mlp.gate_proj.weight	-	-
layers.37.mlp.up_proj.weight	-	-
layers.37.mlp_moe_gen.down_proj.weight	-	-
layers.37.mlp_moe_gen.gate_proj.weight	-	-
layers.37.mlp_moe_gen.up_proj.weight	-	-
layers.37.post_attention_layernorm.weight	-	-
layers.37.post_attention_layernorm_moe_gen.weight	-	-
layers.37.self_attn.add_k_proj.weight	-	-
layers.37.self_attn.add_q_proj.weight	-	-
layers.37.self_attn.add_v_proj.weight	-	-
layers.37.self_attn.norm_added_k.weight	-	-
layers.37.self_attn.norm_added_q.weight	-	-
layers.37.self_attn.norm_k.weight	-	-
layers.37.self_attn.norm_q.weight	-	-
layers.37.self_attn.to_add_out.weight	-	-
layers.37.self_attn.to_k.weight	-	-
layers.37.self_attn.to_out.weight	-	-
layers.37.self_attn.to_q.weight	-	-
layers.37.self_attn.to_v.weight	-	-
layers.38.input_layernorm.weight	-	-
layers.38.input_layernorm_moe_gen.weight	-	-
layers.38.mlp.down_proj.weight	-	-
layers.38.mlp.gate_proj.weight	-	-
layers.38.mlp.up_proj.weight	-	-
layers.38.mlp_moe_gen.down_proj.weight	-	-
layers.38.mlp_moe_gen.gate_proj.weight	-	-
layers.38.mlp_moe_gen.up_proj.weight	-	-
layers.38.post_attention_layernorm.weight	-	-
layers.38.post_attention_layernorm_moe_gen.weight	-	-
layers.38.self_attn.add_k_proj.weight	-	-
layers.38.self_attn.add_q_proj.weight	-	-
layers.38.self_attn.add_v_proj.weight	-	-
layers.38.self_attn.norm_added_k.weight	-	-
layers.38.self_attn.norm_added_q.weight	-	-
layers.38.self_attn.norm_k.weight	-	-
layers.38.self_attn.norm_q.weight	-	-
layers.38.self_attn.to_add_out.weight	-	-
layers.38.self_attn.to_k.weight	-	-
layers.38.self_attn.to_out.weight	-	-
layers.38.self_attn.to_q.weight	-	-
layers.38.self_attn.to_v.weight	-	-
layers.39.input_layernorm.weight	-	-
layers.39.input_layernorm_moe_gen.weight	-	-
layers.39.mlp.down_proj.weight	-	-
layers.39.mlp.gate_proj.weight	-	-
layers.39.mlp.up_proj.weight	-	-
layers.39.mlp_moe_gen.down_proj.weight	-	-
layers.39.mlp_moe_gen.gate_proj.weight	-	-
layers.39.mlp_moe_gen.up_proj.weight	-	-
layers.39.post_attention_layernorm.weight	-	-
layers.39.post_attention_layernorm_moe_gen.weight	-	-
layers.39.self_attn.add_k_proj.weight	-	-
layers.39.self_attn.add_q_proj.weight	-	-
layers.39.self_attn.add_v_proj.weight	-	-
layers.39.self_attn.norm_added_k.weight	-	-
layers.39.self_attn.norm_added_q.weight	-	-
layers.39.self_attn.norm_k.weight	-	-
layers.39.self_attn.norm_q.weight	-	-
layers.39.self_attn.to_add_out.weight	-	-
layers.39.self_attn.to_k.weight	-	-
layers.39.self_attn.to_out.weight	-	-
layers.39.self_attn.to_q.weight	-	-
layers.39.self_attn.to_v.weight	-	-
layers.4.input_layernorm.weight	-	-
layers.4.input_layernorm_moe_gen.weight	-	-
layers.4.mlp.down_proj.weight	-	-
layers.4.mlp.gate_proj.weight	-	-
layers.4.mlp.up_proj.weight	-	-
layers.4.mlp_moe_gen.down_proj.weight	-	-
layers.4.mlp_moe_gen.gate_proj.weight	-	-
layers.4.mlp_moe_gen.up_proj.weight	-	-
layers.4.post_attention_layernorm.weight	-	-
layers.4.post_attention_layernorm_moe_gen.weight	-	-
layers.4.self_attn.add_k_proj.weight	-	-
layers.4.self_attn.add_q_proj.weight	-	-
layers.4.self_attn.add_v_proj.weight	-	-
layers.4.self_attn.norm_added_k.weight	-	-
layers.4.self_attn.norm_added_q.weight	-	-
layers.4.self_attn.norm_k.weight	-	-
layers.4.self_attn.norm_q.weight	-	-
layers.4.self_attn.to_add_out.weight	-	-
layers.4.self_attn.to_k.weight	-	-
layers.4.self_attn.to_out.weight	-	-
layers.4.self_attn.to_q.weight	-	-
layers.4.self_attn.to_v.weight	-	-
layers.40.input_layernorm.weight	-	-
layers.40.input_layernorm_moe_gen.weight	-	-
layers.40.mlp.down_proj.weight	-	-
layers.40.mlp.gate_proj.weight	-	-
layers.40.mlp.up_proj.weight	-	-
layers.40.mlp_moe_gen.down_proj.weight	-	-
layers.40.mlp_moe_gen.gate_proj.weight	-	-
layers.40.mlp_moe_gen.up_proj.weight	-	-
layers.40.post_attention_layernorm.weight	-	-
layers.40.post_attention_layernorm_moe_gen.weight	-	-
layers.40.self_attn.add_k_proj.weight	-	-
layers.40.self_attn.add_q_proj.weight	-	-
layers.40.self_attn.add_v_proj.weight	-	-
layers.40.self_attn.norm_added_k.weight	-	-
layers.40.self_attn.norm_added_q.weight	-	-
layers.40.self_attn.norm_k.weight	-	-
layers.40.self_attn.norm_q.weight	-	-
layers.40.self_attn.to_add_out.weight	-	-
layers.40.self_attn.to_k.weight	-	-
layers.40.self_attn.to_out.weight	-	-
layers.40.self_attn.to_q.weight	-	-
layers.40.self_attn.to_v.weight	-	-
layers.41.input_layernorm.weight	-	-
layers.41.input_layernorm_moe_gen.weight	-	-
layers.41.mlp.down_proj.weight	-	-
layers.41.mlp.gate_proj.weight	-	-
layers.41.mlp.up_proj.weight	-	-
layers.41.mlp_moe_gen.down_proj.weight	-	-
layers.41.mlp_moe_gen.gate_proj.weight	-	-
layers.41.mlp_moe_gen.up_proj.weight	-	-
layers.41.post_attention_layernorm.weight	-	-
layers.41.post_attention_layernorm_moe_gen.weight	-	-
layers.41.self_attn.add_k_proj.weight	-	-
layers.41.self_attn.add_q_proj.weight	-	-
layers.41.self_attn.add_v_proj.weight	-	-
layers.41.self_attn.norm_added_k.weight	-	-
layers.41.self_attn.norm_added_q.weight	-	-
layers.41.self_attn.norm_k.weight	-	-
layers.41.self_attn.norm_q.weight	-	-
layers.41.self_attn.to_add_out.weight	-	-
layers.41.self_attn.to_k.weight	-	-
layers.41.self_attn.to_out.weight	-	-
layers.41.self_attn.to_q.weight	-	-
layers.41.self_attn.to_v.weight	-	-
layers.42.input_layernorm.weight	-	-
layers.42.input_layernorm_moe_gen.weight	-	-
layers.42.mlp.down_proj.weight	-	-
layers.42.mlp.gate_proj.weight	-	-
layers.42.mlp.up_proj.weight	-	-
layers.42.mlp_moe_gen.down_proj.weight	-	-
layers.42.mlp_moe_gen.gate_proj.weight	-	-
layers.42.mlp_moe_gen.up_proj.weight	-	-
layers.42.post_attention_layernorm.weight	-	-
layers.42.post_attention_layernorm_moe_gen.weight	-	-
layers.42.self_attn.add_k_proj.weight	-	-
layers.42.self_attn.add_q_proj.weight	-	-
layers.42.self_attn.add_v_proj.weight	-	-
layers.42.self_attn.norm_added_k.weight	-	-
layers.42.self_attn.norm_added_q.weight	-	-
layers.42.self_attn.norm_k.weight	-	-
layers.42.self_attn.norm_q.weight	-	-
layers.42.self_attn.to_add_out.weight	-	-
layers.42.self_attn.to_k.weight	-	-
layers.42.self_attn.to_out.weight	-	-
layers.42.self_attn.to_q.weight	-	-
layers.42.self_attn.to_v.weight	-	-
layers.43.input_layernorm.weight	-	-
layers.43.input_layernorm_moe_gen.weight	-	-
layers.43.mlp.down_proj.weight	-	-
layers.43.mlp.gate_proj.weight	-	-
layers.43.mlp.up_proj.weight	-	-
layers.43.mlp_moe_gen.down_proj.weight	-	-
layers.43.mlp_moe_gen.gate_proj.weight	-	-
layers.43.mlp_moe_gen.up_proj.weight	-	-
layers.43.post_attention_layernorm.weight	-	-
layers.43.post_attention_layernorm_moe_gen.weight	-	-
layers.43.self_attn.add_k_proj.weight	-	-
layers.43.self_attn.add_q_proj.weight	-	-
layers.43.self_attn.add_v_proj.weight	-	-
layers.43.self_attn.norm_added_k.weight	-	-
layers.43.self_attn.norm_added_q.weight	-	-
layers.43.self_attn.norm_k.weight	-	-
layers.43.self_attn.norm_q.weight	-	-
layers.43.self_attn.to_add_out.weight	-	-
layers.43.self_attn.to_k.weight	-	-
layers.43.self_attn.to_out.weight	-	-
layers.43.self_attn.to_q.weight	-	-
layers.43.self_attn.to_v.weight	-	-
layers.44.input_layernorm.weight	-	-
layers.44.input_layernorm_moe_gen.weight	-	-
layers.44.mlp.down_proj.weight	-	-
layers.44.mlp.gate_proj.weight	-	-
layers.44.mlp.up_proj.weight	-	-
layers.44.mlp_moe_gen.down_proj.weight	-	-
layers.44.mlp_moe_gen.gate_proj.weight	-	-
layers.44.mlp_moe_gen.up_proj.weight	-	-
layers.44.post_attention_layernorm.weight	-	-
layers.44.post_attention_layernorm_moe_gen.weight	-	-
layers.44.self_attn.add_k_proj.weight	-	-
layers.44.self_attn.add_q_proj.weight	-	-
layers.44.self_attn.add_v_proj.weight	-	-
layers.44.self_attn.norm_added_k.weight	-	-
layers.44.self_attn.norm_added_q.weight	-	-
layers.44.self_attn.norm_k.weight	-	-
layers.44.self_attn.norm_q.weight	-	-
layers.44.self_attn.to_add_out.weight	-	-
layers.44.self_attn.to_k.weight	-	-
layers.44.self_attn.to_out.weight	-	-
layers.44.self_attn.to_q.weight	-	-
layers.44.self_attn.to_v.weight	-	-
layers.45.input_layernorm.weight	-	-
layers.45.input_layernorm_moe_gen.weight	-	-
layers.45.mlp.down_proj.weight	-	-
layers.45.mlp.gate_proj.weight	-	-
layers.45.mlp.up_proj.weight	-	-
layers.45.mlp_moe_gen.down_proj.weight	-	-
layers.45.mlp_moe_gen.gate_proj.weight	-	-
layers.45.mlp_moe_gen.up_proj.weight	-	-
layers.45.post_attention_layernorm.weight	-	-
layers.45.post_attention_layernorm_moe_gen.weight	-	-
layers.45.self_attn.add_k_proj.weight	-	-
layers.45.self_attn.add_q_proj.weight	-	-
layers.45.self_attn.add_v_proj.weight	-	-
layers.45.self_attn.norm_added_k.weight	-	-
layers.45.self_attn.norm_added_q.weight	-	-
layers.45.self_attn.norm_k.weight	-	-
layers.45.self_attn.norm_q.weight	-	-
layers.45.self_attn.to_add_out.weight	-	-
layers.45.self_attn.to_k.weight	-	-
layers.45.self_attn.to_out.weight	-	-
layers.45.self_attn.to_q.weight	-	-
layers.45.self_attn.to_v.weight	-	-
layers.46.input_layernorm.weight	-	-
layers.46.input_layernorm_moe_gen.weight	-	-
layers.46.mlp.down_proj.weight	-	-
layers.46.mlp.gate_proj.weight	-	-
layers.46.mlp.up_proj.weight	-	-
layers.46.mlp_moe_gen.down_proj.weight	-	-
layers.46.mlp_moe_gen.gate_proj.weight	-	-
layers.46.mlp_moe_gen.up_proj.weight	-	-
layers.46.post_attention_layernorm.weight	-	-
layers.46.post_attention_layernorm_moe_gen.weight	-	-
layers.46.self_attn.add_k_proj.weight	-	-
layers.46.self_attn.add_q_proj.weight	-	-
layers.46.self_attn.add_v_proj.weight	-	-
layers.46.self_attn.norm_added_k.weight	-	-
layers.46.self_attn.norm_added_q.weight	-	-
layers.46.self_attn.norm_k.weight	-	-
layers.46.self_attn.norm_q.weight	-	-
layers.46.self_attn.to_add_out.weight	-	-
layers.46.self_attn.to_k.weight	-	-
layers.46.self_attn.to_out.weight	-	-
layers.46.self_attn.to_q.weight	-	-
layers.46.self_attn.to_v.weight	-	-
layers.47.input_layernorm.weight	-	-
layers.47.input_layernorm_moe_gen.weight	-	-
layers.47.mlp.down_proj.weight	-	-
layers.47.mlp.gate_proj.weight	-	-
layers.47.mlp.up_proj.weight	-	-
layers.47.mlp_moe_gen.down_proj.weight	-	-
layers.47.mlp_moe_gen.gate_proj.weight	-	-
layers.47.mlp_moe_gen.up_proj.weight	-	-
layers.47.post_attention_layernorm.weight	-	-
layers.47.post_attention_layernorm_moe_gen.weight	-	-
layers.47.self_attn.add_k_proj.weight	-	-
layers.47.self_attn.add_q_proj.weight	-	-
layers.47.self_attn.add_v_proj.weight	-	-
layers.47.self_attn.norm_added_k.weight	-	-
layers.47.self_attn.norm_added_q.weight	-	-
layers.47.self_attn.norm_k.weight	-	-
layers.47.self_attn.norm_q.weight	-	-
layers.47.self_attn.to_add_out.weight	-	-
layers.47.self_attn.to_k.weight	-	-
layers.47.self_attn.to_out.weight	-	-
layers.47.self_attn.to_q.weight	-	-
layers.47.self_attn.to_v.weight	-	-
layers.48.input_layernorm.weight	-	-
layers.48.input_layernorm_moe_gen.weight	-	-
layers.48.mlp.down_proj.weight	-	-
layers.48.mlp.gate_proj.weight	-	-
layers.48.mlp.up_proj.weight	-	-
layers.48.mlp_moe_gen.down_proj.weight	-	-
layers.48.mlp_moe_gen.gate_proj.weight	-	-
layers.48.mlp_moe_gen.up_proj.weight	-	-
layers.48.post_attention_layernorm.weight	-	-
layers.48.post_attention_layernorm_moe_gen.weight	-	-
layers.48.self_attn.add_k_proj.weight	-	-
layers.48.self_attn.add_q_proj.weight	-	-
layers.48.self_attn.add_v_proj.weight	-	-
layers.48.self_attn.norm_added_k.weight	-	-
layers.48.self_attn.norm_added_q.weight	-	-
layers.48.self_attn.norm_k.weight	-	-
layers.48.self_attn.norm_q.weight	-	-
layers.48.self_attn.to_add_out.weight	-	-
layers.48.self_attn.to_k.weight	-	-
layers.48.self_attn.to_out.weight	-	-
layers.48.self_attn.to_q.weight	-	-
layers.48.self_attn.to_v.weight	-	-
layers.49.input_layernorm.weight	-	-
layers.49.input_layernorm_moe_gen.weight	-	-
layers.49.mlp.down_proj.weight	-	-
layers.49.mlp.gate_proj.weight	-	-
layers.49.mlp.up_proj.weight	-	-
layers.49.mlp_moe_gen.down_proj.weight	-	-
layers.49.mlp_moe_gen.gate_proj.weight	-	-
layers.49.mlp_moe_gen.up_proj.weight	-	-
layers.49.post_attention_layernorm.weight	-	-
layers.49.post_attention_layernorm_moe_gen.weight	-	-
layers.49.self_attn.add_k_proj.weight	-	-
layers.49.self_attn.add_q_proj.weight	-	-
layers.49.self_attn.add_v_proj.weight	-	-
layers.49.self_attn.norm_added_k.weight	-	-
layers.49.self_attn.norm_added_q.weight	-	-
layers.49.self_attn.norm_k.weight	-	-
layers.49.self_attn.norm_q.weight	-	-
layers.49.self_attn.to_add_out.weight	-	-
layers.49.self_attn.to_k.weight	-	-
layers.49.self_attn.to_out.weight	-	-
layers.49.self_attn.to_q.weight	-	-
layers.49.self_attn.to_v.weight	-	-
layers.5.input_layernorm.weight	-	-
layers.5.input_layernorm_moe_gen.weight	-	-
layers.5.mlp.down_proj.weight	-	-
layers.5.mlp.gate_proj.weight	-	-
layers.5.mlp.up_proj.weight	-	-
layers.5.mlp_moe_gen.down_proj.weight	-	-
layers.5.mlp_moe_gen.gate_proj.weight	-	-
layers.5.mlp_moe_gen.up_proj.weight	-	-
layers.5.post_attention_layernorm.weight	-	-
layers.5.post_attention_layernorm_moe_gen.weight	-	-
layers.5.self_attn.add_k_proj.weight	-	-
layers.5.self_attn.add_q_proj.weight	-	-
layers.5.self_attn.add_v_proj.weight	-	-
layers.5.self_attn.norm_added_k.weight	-	-
layers.5.self_attn.norm_added_q.weight	-	-
layers.5.self_attn.norm_k.weight	-	-
layers.5.self_attn.norm_q.weight	-	-
layers.5.self_attn.to_add_out.weight	-	-
layers.5.self_attn.to_k.weight	-	-
layers.5.self_attn.to_out.weight	-	-
layers.5.self_attn.to_q.weight	-	-
layers.5.self_attn.to_v.weight	-	-
layers.50.input_layernorm.weight	-	-
layers.50.input_layernorm_moe_gen.weight	-	-
layers.50.mlp.down_proj.weight	-	-
layers.50.mlp.gate_proj.weight	-	-
layers.50.mlp.up_proj.weight	-	-
layers.50.mlp_moe_gen.down_proj.weight	-	-
layers.50.mlp_moe_gen.gate_proj.weight	-	-
layers.50.mlp_moe_gen.up_proj.weight	-	-
layers.50.post_attention_layernorm.weight	-	-
layers.50.post_attention_layernorm_moe_gen.weight	-	-
layers.50.self_attn.add_k_proj.weight	-	-
layers.50.self_attn.add_q_proj.weight	-	-
layers.50.self_attn.add_v_proj.weight	-	-
layers.50.self_attn.norm_added_k.weight	-	-
layers.50.self_attn.norm_added_q.weight	-	-
layers.50.self_attn.norm_k.weight	-	-
layers.50.self_attn.norm_q.weight	-	-
layers.50.self_attn.to_add_out.weight	-	-
layers.50.self_attn.to_k.weight	-	-
layers.50.self_attn.to_out.weight	-	-
layers.50.self_attn.to_q.weight	-	-
layers.50.self_attn.to_v.weight	-	-
layers.51.input_layernorm.weight	-	-
layers.51.input_layernorm_moe_gen.weight	-	-
layers.51.mlp.down_proj.weight	-	-
layers.51.mlp.gate_proj.weight	-	-
layers.51.mlp.up_proj.weight	-	-
layers.51.mlp_moe_gen.down_proj.weight	-	-
layers.51.mlp_moe_gen.gate_proj.weight	-	-
layers.51.mlp_moe_gen.up_proj.weight	-	-
layers.51.post_attention_layernorm.weight	-	-
layers.51.post_attention_layernorm_moe_gen.weight	-	-
layers.51.self_attn.add_k_proj.weight	-	-
layers.51.self_attn.add_q_proj.weight	-	-
layers.51.self_attn.add_v_proj.weight	-	-
layers.51.self_attn.norm_added_k.weight	-	-
layers.51.self_attn.norm_added_q.weight	-	-
layers.51.self_attn.norm_k.weight	-	-
layers.51.self_attn.norm_q.weight	-	-
layers.51.self_attn.to_add_out.weight	-	-
layers.51.self_attn.to_k.weight	-	-
layers.51.self_attn.to_out.weight	-	-
layers.51.self_attn.to_q.weight	-	-
layers.51.self_attn.to_v.weight	-	-
layers.52.input_layernorm.weight	-	-
layers.52.input_layernorm_moe_gen.weight	-	-
layers.52.mlp.down_proj.weight	-	-
layers.52.mlp.gate_proj.weight	-	-
layers.52.mlp.up_proj.weight	-	-
layers.52.mlp_moe_gen.down_proj.weight	-	-
layers.52.mlp_moe_gen.gate_proj.weight	-	-
layers.52.mlp_moe_gen.up_proj.weight	-	-
layers.52.post_attention_layernorm.weight	-	-
layers.52.post_attention_layernorm_moe_gen.weight	-	-
layers.52.self_attn.add_k_proj.weight	-	-
layers.52.self_attn.add_q_proj.weight	-	-
layers.52.self_attn.add_v_proj.weight	-	-
layers.52.self_attn.norm_added_k.weight	-	-
layers.52.self_attn.norm_added_q.weight	-	-
layers.52.self_attn.norm_k.weight	-	-
layers.52.self_attn.norm_q.weight	-	-
layers.52.self_attn.to_add_out.weight	-	-
layers.52.self_attn.to_k.weight	-	-
layers.52.self_attn.to_out.weight	-	-
layers.52.self_attn.to_q.weight	-	-
layers.52.self_attn.to_v.weight	-	-
layers.53.input_layernorm.weight	-	-
layers.53.input_layernorm_moe_gen.weight	-	-
layers.53.mlp.down_proj.weight	-	-
layers.53.mlp.gate_proj.weight	-	-
layers.53.mlp.up_proj.weight	-	-
layers.53.mlp_moe_gen.down_proj.weight	-	-
layers.53.mlp_moe_gen.gate_proj.weight	-	-
layers.53.mlp_moe_gen.up_proj.weight	-	-
layers.53.post_attention_layernorm.weight	-	-
layers.53.post_attention_layernorm_moe_gen.weight	-	-
layers.53.self_attn.add_k_proj.weight	-	-
layers.53.self_attn.add_q_proj.weight	-	-
layers.53.self_attn.add_v_proj.weight	-	-
layers.53.self_attn.norm_added_k.weight	-	-
layers.53.self_attn.norm_added_q.weight	-	-
layers.53.self_attn.norm_k.weight	-	-
layers.53.self_attn.norm_q.weight	-	-
layers.53.self_attn.to_add_out.weight	-	-
layers.53.self_attn.to_k.weight	-	-
layers.53.self_attn.to_out.weight	-	-
layers.53.self_attn.to_q.weight	-	-
layers.53.self_attn.to_v.weight	-	-
layers.54.input_layernorm.weight	-	-
layers.54.input_layernorm_moe_gen.weight	-	-
layers.54.mlp.down_proj.weight	-	-
layers.54.mlp.gate_proj.weight	-	-
layers.54.mlp.up_proj.weight	-	-
layers.54.mlp_moe_gen.down_proj.weight	-	-
layers.54.mlp_moe_gen.gate_proj.weight	-	-
layers.54.mlp_moe_gen.up_proj.weight	-	-
layers.54.post_attention_layernorm.weight	-	-
layers.54.post_attention_layernorm_moe_gen.weight	-	-
layers.54.self_attn.add_k_proj.weight	-	-
layers.54.self_attn.add_q_proj.weight	-	-
layers.54.self_attn.add_v_proj.weight	-	-
layers.54.self_attn.norm_added_k.weight	-	-
layers.54.self_attn.norm_added_q.weight	-	-
layers.54.self_attn.norm_k.weight	-	-
layers.54.self_attn.norm_q.weight	-	-
layers.54.self_attn.to_add_out.weight	-	-
layers.54.self_attn.to_k.weight	-	-
layers.54.self_attn.to_out.weight	-	-
layers.54.self_attn.to_q.weight	-	-
layers.54.self_attn.to_v.weight	-	-
layers.55.input_layernorm.weight	-	-
layers.55.input_layernorm_moe_gen.weight	-	-
layers.55.mlp.down_proj.weight	-	-
layers.55.mlp.gate_proj.weight	-	-
layers.55.mlp.up_proj.weight	-	-
layers.55.mlp_moe_gen.down_proj.weight	-	-
layers.55.mlp_moe_gen.gate_proj.weight	-	-
layers.55.mlp_moe_gen.up_proj.weight	-	-
layers.55.post_attention_layernorm.weight	-	-
layers.55.post_attention_layernorm_moe_gen.weight	-	-
layers.55.self_attn.add_k_proj.weight	-	-
layers.55.self_attn.add_q_proj.weight	-	-
layers.55.self_attn.add_v_proj.weight	-	-
layers.55.self_attn.norm_added_k.weight	-	-
layers.55.self_attn.norm_added_q.weight	-	-
layers.55.self_attn.norm_k.weight	-	-
layers.55.self_attn.norm_q.weight	-	-
layers.55.self_attn.to_add_out.weight	-	-
layers.55.self_attn.to_k.weight	-	-
layers.55.self_attn.to_out.weight	-	-
layers.55.self_attn.to_q.weight	-	-
layers.55.self_attn.to_v.weight	-	-
layers.56.input_layernorm.weight	-	-
layers.56.input_layernorm_moe_gen.weight	-	-
layers.56.mlp.down_proj.weight	-	-
layers.56.mlp.gate_proj.weight	-	-
layers.56.mlp.up_proj.weight	-	-
layers.56.mlp_moe_gen.down_proj.weight	-	-
layers.56.mlp_moe_gen.gate_proj.weight	-	-
layers.56.mlp_moe_gen.up_proj.weight	-	-
layers.56.post_attention_layernorm.weight	-	-
layers.56.post_attention_layernorm_moe_gen.weight	-	-
layers.56.self_attn.add_k_proj.weight	-	-
layers.56.self_attn.add_q_proj.weight	-	-
layers.56.self_attn.add_v_proj.weight	-	-
layers.56.self_attn.norm_added_k.weight	-	-
layers.56.self_attn.norm_added_q.weight	-	-
layers.56.self_attn.norm_k.weight	-	-
layers.56.self_attn.norm_q.weight	-	-
layers.56.self_attn.to_add_out.weight	-	-
layers.56.self_attn.to_k.weight	-	-
layers.56.self_attn.to_out.weight	-	-
layers.56.self_attn.to_q.weight	-	-
layers.56.self_attn.to_v.weight	-	-
layers.57.input_layernorm.weight	-	-
layers.57.input_layernorm_moe_gen.weight	-	-
layers.57.mlp.down_proj.weight	-	-
layers.57.mlp.gate_proj.weight	-	-
layers.57.mlp.up_proj.weight	-	-
layers.57.mlp_moe_gen.down_proj.weight	-	-
layers.57.mlp_moe_gen.gate_proj.weight	-	-
layers.57.mlp_moe_gen.up_proj.weight	-	-
layers.57.post_attention_layernorm.weight	-	-
layers.57.post_attention_layernorm_moe_gen.weight	-	-
layers.57.self_attn.add_k_proj.weight	-	-
layers.57.self_attn.add_q_proj.weight	-	-
layers.57.self_attn.add_v_proj.weight	-	-
layers.57.self_attn.norm_added_k.weight	-	-
layers.57.self_attn.norm_added_q.weight	-	-
layers.57.self_attn.norm_k.weight	-	-
layers.57.self_attn.norm_q.weight	-	-
layers.57.self_attn.to_add_out.weight	-	-
layers.57.self_attn.to_k.weight	-	-
layers.57.self_attn.to_out.weight	-	-
layers.57.self_attn.to_q.weight	-	-
layers.57.self_attn.to_v.weight	-	-
layers.58.input_layernorm.weight	-	-
layers.58.input_layernorm_moe_gen.weight	-	-
layers.58.mlp.down_proj.weight	-	-
layers.58.mlp.gate_proj.weight	-	-
layers.58.mlp.up_proj.weight	-	-
layers.58.mlp_moe_gen.down_proj.weight	-	-
layers.58.mlp_moe_gen.gate_proj.weight	-	-
layers.58.mlp_moe_gen.up_proj.weight	-	-
layers.58.post_attention_layernorm.weight	-	-
layers.58.post_attention_layernorm_moe_gen.weight	-	-
layers.58.self_attn.add_k_proj.weight	-	-
layers.58.self_attn.add_q_proj.weight	-	-
layers.58.self_attn.add_v_proj.weight	-	-
layers.58.self_attn.norm_added_k.weight	-	-
layers.58.self_attn.norm_added_q.weight	-	-
layers.58.self_attn.norm_k.weight	-	-
layers.58.self_attn.norm_q.weight	-	-
layers.58.self_attn.to_add_out.weight	-	-
layers.58.self_attn.to_k.weight	-	-
layers.58.self_attn.to_out.weight	-	-
layers.58.self_attn.to_q.weight	-	-
layers.58.self_attn.to_v.weight	-	-
layers.59.input_layernorm.weight	-	-
layers.59.input_layernorm_moe_gen.weight	-	-
layers.59.mlp.down_proj.weight	-	-
layers.59.mlp.gate_proj.weight	-	-
layers.59.mlp.up_proj.weight	-	-
layers.59.mlp_moe_gen.down_proj.weight	-	-
layers.59.mlp_moe_gen.gate_proj.weight	-	-
layers.59.mlp_moe_gen.up_proj.weight	-	-
layers.59.post_attention_layernorm.weight	-	-
layers.59.post_attention_layernorm_moe_gen.weight	-	-
layers.59.self_attn.add_k_proj.weight	-	-
layers.59.self_attn.add_q_proj.weight	-	-
layers.59.self_attn.add_v_proj.weight	-	-
layers.59.self_attn.norm_added_k.weight	-	-
layers.59.self_attn.norm_added_q.weight	-	-
layers.59.self_attn.norm_k.weight	-	-
layers.59.self_attn.norm_q.weight	-	-
layers.59.self_attn.to_add_out.weight	-	-
layers.59.self_attn.to_k.weight	-	-
layers.59.self_attn.to_out.weight	-	-
layers.59.self_attn.to_q.weight	-	-
layers.59.self_attn.to_v.weight	-	-
layers.6.input_layernorm.weight	-	-
layers.6.input_layernorm_moe_gen.weight	-	-
layers.6.mlp.down_proj.weight	-	-
layers.6.mlp.gate_proj.weight	-	-
layers.6.mlp.up_proj.weight	-	-
layers.6.mlp_moe_gen.down_proj.weight	-	-
layers.6.mlp_moe_gen.gate_proj.weight	-	-
layers.6.mlp_moe_gen.up_proj.weight	-	-
layers.6.post_attention_layernorm.weight	-	-
layers.6.post_attention_layernorm_moe_gen.weight	-	-
layers.6.self_attn.add_k_proj.weight	-	-
layers.6.self_attn.add_q_proj.weight	-	-
layers.6.self_attn.add_v_proj.weight	-	-
layers.6.self_attn.norm_added_k.weight	-	-
layers.6.self_attn.norm_added_q.weight	-	-
layers.6.self_attn.norm_k.weight	-	-
layers.6.self_attn.norm_q.weight	-	-
layers.6.self_attn.to_add_out.weight	-	-
layers.6.self_attn.to_k.weight	-	-
layers.6.self_attn.to_out.weight	-	-
layers.6.self_attn.to_q.weight	-	-
layers.6.self_attn.to_v.weight	-	-
layers.60.input_layernorm.weight	-	-
layers.60.input_layernorm_moe_gen.weight	-	-
layers.60.mlp.down_proj.weight	-	-
layers.60.mlp.gate_proj.weight	-	-
layers.60.mlp.up_proj.weight	-	-
layers.60.mlp_moe_gen.down_proj.weight	-	-
layers.60.mlp_moe_gen.gate_proj.weight	-	-
layers.60.mlp_moe_gen.up_proj.weight	-	-
layers.60.post_attention_layernorm.weight	-	-
layers.60.post_attention_layernorm_moe_gen.weight	-	-
layers.60.self_attn.add_k_proj.weight	-	-
layers.60.self_attn.add_q_proj.weight	-	-
layers.60.self_attn.add_v_proj.weight	-	-
layers.60.self_attn.norm_added_k.weight	-	-
layers.60.self_attn.norm_added_q.weight	-	-
layers.60.self_attn.norm_k.weight	-	-
layers.60.self_attn.norm_q.weight	-	-
layers.60.self_attn.to_add_out.weight	-	-
layers.60.self_attn.to_k.weight	-	-
layers.60.self_attn.to_out.weight	-	-
layers.60.self_attn.to_q.weight	-	-
layers.60.self_attn.to_v.weight	-	-
layers.61.input_layernorm.weight	-	-
layers.61.input_layernorm_moe_gen.weight	-	-
layers.61.mlp.down_proj.weight	-	-
layers.61.mlp.gate_proj.weight	-	-
layers.61.mlp.up_proj.weight	-	-
layers.61.mlp_moe_gen.down_proj.weight	-	-
layers.61.mlp_moe_gen.gate_proj.weight	-	-
layers.61.mlp_moe_gen.up_proj.weight	-	-
layers.61.post_attention_layernorm.weight	-	-
layers.61.post_attention_layernorm_moe_gen.weight	-	-
layers.61.self_attn.add_k_proj.weight	-	-
layers.61.self_attn.add_q_proj.weight	-	-
layers.61.self_attn.add_v_proj.weight	-	-
layers.61.self_attn.norm_added_k.weight	-	-
layers.61.self_attn.norm_added_q.weight	-	-
layers.61.self_attn.norm_k.weight	-	-
layers.61.self_attn.norm_q.weight	-	-
layers.61.self_attn.to_add_out.weight	-	-
layers.61.self_attn.to_k.weight	-	-
layers.61.self_attn.to_out.weight	-	-
layers.61.self_attn.to_q.weight	-	-
layers.61.self_attn.to_v.weight	-	-
layers.62.input_layernorm.weight	-	-
layers.62.input_layernorm_moe_gen.weight	-	-
layers.62.mlp.down_proj.weight	-	-
layers.62.mlp.gate_proj.weight	-	-
layers.62.mlp.up_proj.weight	-	-
layers.62.mlp_moe_gen.down_proj.weight	-	-
layers.62.mlp_moe_gen.gate_proj.weight	-	-
layers.62.mlp_moe_gen.up_proj.weight	-	-
layers.62.post_attention_layernorm.weight	-	-
layers.62.post_attention_layernorm_moe_gen.weight	-	-
layers.62.self_attn.add_k_proj.weight	-	-
layers.62.self_attn.add_q_proj.weight	-	-
layers.62.self_attn.add_v_proj.weight	-	-
layers.62.self_attn.norm_added_k.weight	-	-
layers.62.self_attn.norm_added_q.weight	-	-
layers.62.self_attn.norm_k.weight	-	-
layers.62.self_attn.norm_q.weight	-	-
layers.62.self_attn.to_add_out.weight	-	-
layers.62.self_attn.to_k.weight	-	-
layers.62.self_attn.to_out.weight	-	-
layers.62.self_attn.to_q.weight	-	-
layers.62.self_attn.to_v.weight	-	-
layers.63.input_layernorm.weight	-	-
layers.63.input_layernorm_moe_gen.weight	-	-
layers.63.mlp.down_proj.weight	-	-
layers.63.mlp.gate_proj.weight	-	-
layers.63.mlp.up_proj.weight	-	-
layers.63.mlp_moe_gen.down_proj.weight	-	-
layers.63.mlp_moe_gen.gate_proj.weight	-	-
layers.63.mlp_moe_gen.up_proj.weight	-	-
layers.63.post_attention_layernorm.weight	-	-
layers.63.post_attention_layernorm_moe_gen.weight	-	-
layers.63.self_attn.add_k_proj.weight	-	-
layers.63.self_attn.add_q_proj.weight	-	-
layers.63.self_attn.add_v_proj.weight	-	-
layers.63.self_attn.norm_added_k.weight	-	-
layers.63.self_attn.norm_added_q.weight	-	-
layers.63.self_attn.norm_k.weight	-	-
layers.63.self_attn.norm_q.weight	-	-
layers.63.self_attn.to_add_out.weight	-	-
layers.63.self_attn.to_k.weight	-	-
layers.63.self_attn.to_out.weight	-	-
layers.63.self_attn.to_q.weight	-	-
layers.63.self_attn.to_v.weight	-	-
layers.7.input_layernorm.weight	-	-
layers.7.input_layernorm_moe_gen.weight	-	-
layers.7.mlp.down_proj.weight	-	-
layers.7.mlp.gate_proj.weight	-	-
layers.7.mlp.up_proj.weight	-	-
layers.7.mlp_moe_gen.down_proj.weight	-	-
layers.7.mlp_moe_gen.gate_proj.weight	-	-
layers.7.mlp_moe_gen.up_proj.weight	-	-
layers.7.post_attention_layernorm.weight	-	-
layers.7.post_attention_layernorm_moe_gen.weight	-	-
layers.7.self_attn.add_k_proj.weight	-	-
layers.7.self_attn.add_q_proj.weight	-	-
layers.7.self_attn.add_v_proj.weight	-	-
layers.7.self_attn.norm_added_k.weight	-	-
layers.7.self_attn.norm_added_q.weight	-	-
layers.7.self_attn.norm_k.weight	-	-
layers.7.self_attn.norm_q.weight	-	-
layers.7.self_attn.to_add_out.weight	-	-
layers.7.self_attn.to_k.weight	-	-
layers.7.self_attn.to_out.weight	-	-
layers.7.self_attn.to_q.weight	-	-
layers.7.self_attn.to_v.weight	-	-
layers.8.input_layernorm.weight	-	-
layers.8.input_layernorm_moe_gen.weight	-	-
layers.8.mlp.down_proj.weight	-	-
layers.8.mlp.gate_proj.weight	-	-
layers.8.mlp.up_proj.weight	-	-
layers.8.mlp_moe_gen.down_proj.weight	-	-
layers.8.mlp_moe_gen.gate_proj.weight	-	-
layers.8.mlp_moe_gen.up_proj.weight	-	-
layers.8.post_attention_layernorm.weight	-	-
layers.8.post_attention_layernorm_moe_gen.weight	-	-
layers.8.self_attn.add_k_proj.weight	-	-
layers.8.self_attn.add_q_proj.weight	-	-
layers.8.self_attn.add_v_proj.weight	-	-
layers.8.self_attn.norm_added_k.weight	-	-
layers.8.self_attn.norm_added_q.weight	-	-
layers.8.self_attn.norm_k.weight	-	-
layers.8.self_attn.norm_q.weight	-	-
layers.8.self_attn.to_add_out.weight	-	-
layers.8.self_attn.to_k.weight	-	-
layers.8.self_attn.to_out.weight	-	-
layers.8.self_attn.to_q.weight	-	-
layers.8.self_attn.to_v.weight	-	-
layers.9.input_layernorm.weight	-	-
layers.9.input_layernorm_moe_gen.weight	-	-
layers.9.mlp.down_proj.weight	-	-
layers.9.mlp.gate_proj.weight	-	-
layers.9.mlp.up_proj.weight	-	-
layers.9.mlp_moe_gen.down_proj.weight	-	-
layers.9.mlp_moe_gen.gate_proj.weight	-	-
layers.9.mlp_moe_gen.up_proj.weight	-	-
layers.9.post_attention_layernorm.weight	-	-
layers.9.post_attention_layernorm_moe_gen.weight	-	-
layers.9.self_attn.add_k_proj.weight	-	-
layers.9.self_attn.add_q_proj.weight	-	-
layers.9.self_attn.add_v_proj.weight	-	-
layers.9.self_attn.norm_added_k.weight	-	-
layers.9.self_attn.norm_added_q.weight	-	-
layers.9.self_attn.norm_k.weight	-	-
layers.9.self_attn.norm_q.weight	-	-
layers.9.self_attn.to_add_out.weight	-	-
layers.9.self_attn.to_k.weight	-	-
layers.9.self_attn.to_out.weight	-	-
layers.9.self_attn.to_q.weight	-	-
layers.9.self_attn.to_v.weight	-	-
lm_head.weight	BF16	151936x5120
norm.weight	-	-
norm_moe_gen.weight	-	-
proj_in.bias	BF16	5120
proj_in.weight	BF16	5120x192
proj_out.bias	BF16	192
proj_out.weight	BF16	192x5120
time_embedder.linear_1.bias	BF16	5120
time_embedder.linear_1.weight	BF16	5120x256
time_embedder.linear_2.bias	BF16	5120
time_embedder.linear_2.weight	BF16	5120x5120
