caption_norm.weight	F32	2240
caption_projection.linear_1.bias	F32	2240
caption_projection.linear_1.weight	F32	2240x2304
caption_projection.linear_2.bias	F32	2240
caption_projection.linear_2.weight	F32	2240x2240
patch_embedding.bias	F32	2240
patch_embedding.weight	F32	2240x16x1x2x2
proj_out.bias	F32	64
proj_out.weight	F32	64x2240
scale_shift_table	F32	2x2240
time_embed.emb.timestep_embedder.linear_1.bias	F32	2240
time_embed.emb.timestep_embedder.linear_1.weight	F32	2240x256
time_embed.emb.timestep_embedder.linear_2.bias	F32	2240
time_embed.emb.timestep_embedder.linear_2.weight	F32	2240x2240
time_embed.linear.bias	F32	13440
time_embed.linear.weight	F32	13440x2240
transformer_blocks.0.attn1.norm_k.weight	F32	2240
transformer_blocks.0.attn1.norm_q.weight	F32	2240
transformer_blocks.0.attn1.to_k.weight	F32	2240x2240
transformer_blocks.0.attn1.to_out.0.bias	F32	2240
transformer_blocks.0.attn1.to_out.0.weight	F32	2240x2240
transformer_blocks.0.attn1.to_q.weight	F32	2240x2240
transformer_blocks.0.attn1.to_v.weight	F32	2240x2240
transformer_blocks.0.attn2.norm_k.weight	F32	2240
transformer_blocks.0.attn2.norm_q.weight	F32	2240
transformer_blocks.0.attn2.to_k.bias	F32	2240
transformer_blocks.0.attn2.to_k.weight	F32	2240x2240
transformer_blocks.0.attn2.to_out.0.bias	F32	2240
transformer_blocks.0.attn2.to_out.0.weight	F32	2240x2240
transformer_blocks.0.attn2.to_q.bias	F32	2240
transformer_blocks.0.attn2.to_q.weight	F32	2240x2240
transformer_blocks.0.attn2.to_v.bias	F32	2240
transformer_blocks.0.attn2.to_v.weight	F32	2240x2240
transformer_blocks.0.ff.conv_depth.bias	F32	13440
transformer_blocks.0.ff.conv_depth.weight	F32	13440x1x3x3
transformer_blocks.0.ff.conv_inverted.bias	F32	13440
transformer_blocks.0.ff.conv_inverted.weight	F32	13440x2240x1x1
transformer_blocks.0.ff.conv_point.weight	F32	2240x6720x1x1
transformer_blocks.0.ff.conv_temp.weight	F32	2240x2240x3x1
transformer_blocks.0.scale_shift_table	F32	6x2240
transformer_blocks.1.attn1.norm_k.weight	F32	2240
transformer_blocks.1.attn1.norm_q.weight	F32	2240
transformer_blocks.1.attn1.to_k.weight	F32	2240x2240
transformer_blocks.1.attn1.to_out.0.bias	F32	2240
transformer_blocks.1.attn1.to_out.0.weight	F32	2240x2240
transformer_blocks.1.attn1.to_q.weight	F32	2240x2240
transformer_blocks.1.attn1.to_v.weight	F32	2240x2240
transformer_blocks.1.attn2.norm_k.weight	F32	2240
transformer_blocks.1.attn2.norm_q.weight	F32	2240
transformer_blocks.1.attn2.to_k.bias	F32	2240
transformer_blocks.1.attn2.to_k.weight	F32	2240x2240
transformer_blocks.1.attn2.to_out.0.bias	F32	2240
transformer_blocks.1.attn2.to_out.0.weight	F32	2240x2240
transformer_blocks.1.attn2.to_q.bias	F32	2240
transformer_blocks.1.attn2.to_q.weight	F32	2240x2240
transformer_blocks.1.attn2.to_v.bias	F32	2240
transformer_blocks.1.attn2.to_v.weight	F32	2240x2240
transformer_blocks.1.ff.conv_depth.bias	F32	13440
transformer_blocks.1.ff.conv_depth.weight	F32	13440x1x3x3
transformer_blocks.1.ff.conv_inverted.bias	F32	13440
transformer_blocks.1.ff.conv_inverted.weight	F32	13440x2240x1x1
transformer_blocks.1.ff.conv_point.weight	F32	2240x6720x1x1
transformer_blocks.1.ff.conv_temp.weight	F32	2240x2240x3x1
transformer_blocks.1.scale_shift_table	F32	6x2240
transformer_blocks.10.attn1.norm_k.weight	F32	2240
transformer_blocks.10.attn1.norm_q.weight	F32	2240
transformer_blocks.10.attn1.to_k.weight	F32	2240x2240
transformer_blocks.10.attn1.to_out.0.bias	F32	2240
transformer_blocks.10.attn1.to_out.0.weight	F32	2240x2240
transformer_blocks.10.attn1.to_q.weight	F32	2240x2240
transformer_blocks.10.attn1.to_v.weight	F32	2240x2240
transformer_blocks.10.attn2.norm_k.weight	F32	2240
transformer_blocks.10.attn2.norm_q.weight	F32	2240
transformer_blocks.10.attn2.to_k.bias	F32	2240
transformer_blocks.10.attn2.to_k.weight	F32	2240x2240
transformer_blocks.10.attn2.to_out.0.bias	F32	2240
transformer_blocks.10.attn2.to_out.0.weight	F32	2240x2240
transformer_blocks.10.attn2.to_q.bias	F32	2240
transformer_blocks.10.attn2.to_q.weight	F32	2240x2240
transformer_blocks.10.attn2.to_v.bias	F32	2240
transformer_blocks.10.attn2.to_v.weight	F32	2240x2240
transformer_blocks.10.ff.conv_depth.bias	F32	13440
transformer_blocks.10.ff.conv_depth.weight	F32	13440x1x3x3
transformer_blocks.10.ff.conv_inverted.bias	F32	13440
transformer_blocks.10.ff.conv_inverted.weight	F32	13440x2240x1x1
transformer_blocks.10.ff.conv_point.weight	F32	2240x6720x1x1
transformer_blocks.10.ff.conv_temp.weight	F32	2240x2240x3x1
transformer_blocks.10.scale_shift_table	F32	6x2240
transformer_blocks.11.attn1.norm_k.weight	F32	2240
transformer_blocks.11.attn1.norm_q.weight	F32	2240
transformer_blocks.11.attn1.to_k.weight	F32	2240x2240
transformer_blocks.11.attn1.to_out.0.bias	F32	2240
transformer_blocks.11.attn1.to_out.0.weight	F32	2240x2240
transformer_blocks.11.attn1.to_q.weight	F32	2240x2240
transformer_blocks.11.attn1.to_v.weight	F32	2240x2240
transformer_blocks.11.attn2.norm_k.weight	F32	2240
transformer_blocks.11.attn2.norm_q.weight	F32	2240
transformer_blocks.11.attn2.to_k.bias	F32	2240
transformer_blocks.11.attn2.to_k.weight	F32	2240x2240
transformer_blocks.11.attn2.to_out.0.bias	F32	2240
transformer_blocks.11.attn2.to_out.0.weight	F32	2240x2240
transformer_blocks.11.attn2.to_q.bias	F32	2240
transformer_blocks.11.attn2.to_q.weight	F32	2240x2240
transformer_blocks.11.attn2.to_v.bias	F32	2240
transformer_blocks.11.attn2.to_v.weight	F32	2240x2240
transformer_blocks.11.ff.conv_depth.bias	F32	13440
transformer_blocks.11.ff.conv_depth.weight	F32	13440x1x3x3
transformer_blocks.11.ff.conv_inverted.bias	F32	13440
transformer_blocks.11.ff.conv_inverted.weight	F32	13440x2240x1x1
transformer_blocks.11.ff.conv_point.weight	F32	2240x6720x1x1
transformer_blocks.11.ff.conv_temp.weight	F32	2240x2240x3x1
transformer_blocks.11.scale_shift_table	F32	6x2240
transformer_blocks.12.attn1.norm_k.weight	F32	2240
transformer_blocks.12.attn1.norm_q.weight	F32	2240
transformer_blocks.12.attn1.to_k.weight	F32	2240x2240
transformer_blocks.12.attn1.to_out.0.bias	F32	2240
transformer_blocks.12.attn1.to_out.0.weight	F32	2240x2240
transformer_blocks.12.attn1.to_q.weight	F32	2240x2240
transformer_blocks.12.attn1.to_v.weight	F32	2240x2240
transformer_blocks.12.attn2.norm_k.weight	F32	2240
transformer_blocks.12.attn2.norm_q.weight	F32	2240
transformer_blocks.12.attn2.to_k.bias	F32	2240
transformer_blocks.12.attn2.to_k.weight	F32	2240x2240
transformer_blocks.12.attn2.to_out.0.bias	F32	2240
transformer_blocks.12.attn2.to_out.0.weight	F32	2240x2240
transformer_blocks.12.attn2.to_q.bias	F32	2240
transformer_blocks.12.attn2.to_q.weight	F32	2240x2240
transformer_blocks.12.attn2.to_v.bias	F32	2240
transformer_blocks.12.attn2.to_v.weight	F32	2240x2240
transformer_blocks.12.ff.conv_depth.bias	F32	13440
transformer_blocks.12.ff.conv_depth.weight	F32	13440x1x3x3
transformer_blocks.12.ff.conv_inverted.bias	F32	13440
transformer_blocks.12.ff.conv_inverted.weight	F32	13440x2240x1x1
transformer_blocks.12.ff.conv_point.weight	F32	2240x6720x1x1
transformer_blocks.12.ff.conv_temp.weight	F32	2240x2240x3x1
transformer_blocks.12.scale_shift_table	F32	6x2240
transformer_blocks.13.attn1.norm_k.weight	F32	2240
transformer_blocks.13.attn1.norm_q.weight	F32	2240
transformer_blocks.13.attn1.to_k.weight	F32	2240x2240
transformer_blocks.13.attn1.to_out.0.bias	F32	2240
transformer_blocks.13.attn1.to_out.0.weight	F32	2240x2240
transformer_blocks.13.attn1.to_q.weight	F32	2240x2240
transformer_blocks.13.attn1.to_v.weight	F32	2240x2240
transformer_blocks.13.attn2.norm_k.weight	F32	2240
transformer_blocks.13.attn2.norm_q.weight	F32	2240
transformer_blocks.13.attn2.to_k.bias	F32	2240
transformer_blocks.13.attn2.to_k.weight	F32	2240x2240
transformer_blocks.13.attn2.to_out.0.bias	F32	2240
transformer_blocks.13.attn2.to_out.0.weight	F32	2240x2240
transformer_blocks.13.attn2.to_q.bias	F32	2240
transformer_blocks.13.attn2.to_q.weight	F32	2240x2240
transformer_blocks.13.attn2.to_v.bias	F32	2240
transformer_blocks.13.attn2.to_v.weight	F32	2240x2240
transformer_blocks.13.ff.conv_depth.bias	F32	13440
transformer_blocks.13.ff.conv_depth.weight	F32	13440x1x3x3
transformer_blocks.13.ff.conv_inverted.bias	F32	13440
transformer_blocks.13.ff.conv_inverted.weight	F32	13440x2240x1x1
transformer_blocks.13.ff.conv_point.weight	F32	2240x6720x1x1
transformer_blocks.13.ff.conv_temp.weight	F32	2240x2240x3x1
transformer_blocks.13.scale_shift_table	F32	6x2240
transformer_blocks.14.attn1.norm_k.weight	F32	2240
transformer_blocks.14.attn1.norm_q.weight	F32	2240
transformer_blocks.14.attn1.to_k.weight	F32	2240x2240
transformer_blocks.14.attn1.to_out.0.bias	F32	2240
transformer_blocks.14.attn1.to_out.0.weight	F32	2240x2240
transformer_blocks.14.attn1.to_q.weight	F32	2240x2240
transformer_blocks.14.attn1.to_v.weight	F32	2240x2240
transformer_blocks.14.attn2.norm_k.weight	F32	2240
transformer_blocks.14.attn2.norm_q.weight	F32	2240
transformer_blocks.14.attn2.to_k.bias	F32	2240
transformer_blocks.14.attn2.to_k.weight	F32	2240x2240
transformer_blocks.14.attn2.to_out.0.bias	F32	2240
transformer_blocks.14.attn2.to_out.0.weight	F32	2240x2240
transformer_blocks.14.attn2.to_q.bias	F32	2240
transformer_blocks.14.attn2.to_q.weight	F32	2240x2240
transformer_blocks.14.attn2.to_v.bias	F32	2240
transformer_blocks.14.attn2.to_v.weight	F32	2240x2240
transformer_blocks.14.ff.conv_depth.bias	F32	13440
transformer_blocks.14.ff.conv_depth.weight	F32	13440x1x3x3
transformer_blocks.14.ff.conv_inverted.bias	F32	13440
transformer_blocks.14.ff.conv_inverted.weight	F32	13440x2240x1x1
transformer_blocks.14.ff.conv_point.weight	F32	2240x6720x1x1
transformer_blocks.14.ff.conv_temp.weight	F32	2240x2240x3x1
transformer_blocks.14.scale_shift_table	F32	6x2240
transformer_blocks.15.attn1.norm_k.weight	F32	2240
transformer_blocks.15.attn1.norm_q.weight	F32	2240
transformer_blocks.15.attn1.to_k.weight	F32	2240x2240
transformer_blocks.15.attn1.to_out.0.bias	F32	2240
transformer_blocks.15.attn1.to_out.0.weight	F32	2240x2240
transformer_blocks.15.attn1.to_q.weight	F32	2240x2240
transformer_blocks.15.attn1.to_v.weight	F32	2240x2240
transformer_blocks.15.attn2.norm_k.weight	F32	2240
transformer_blocks.15.attn2.norm_q.weight	F32	2240
transformer_blocks.15.attn2.to_k.bias	F32	2240
transformer_blocks.15.attn2.to_k.weight	F32	2240x2240
transformer_blocks.15.attn2.to_out.0.bias	F32	2240
transformer_blocks.15.attn2.to_out.0.weight	F32	2240x2240
transformer_blocks.15.attn2.to_q.bias	F32	2240
transformer_blocks.15.attn2.to_q.weight	F32	2240x2240
transformer_blocks.15.attn2.to_v.bias	F32	2240
transformer_blocks.15.attn2.to_v.weight	F32	2240x2240
transformer_blocks.15.ff.conv_depth.bias	F32	13440
transformer_blocks.15.ff.conv_depth.weight	F32	13440x1x3x3
transformer_blocks.15.ff.conv_inverted.bias	F32	13440
transformer_blocks.15.ff.conv_inverted.weight	F32	13440x2240x1x1
transformer_blocks.15.ff.conv_point.weight	F32	2240x6720x1x1
transformer_blocks.15.ff.conv_temp.weight	F32	2240x2240x3x1
transformer_blocks.15.scale_shift_table	F32	6x2240
transformer_blocks.16.attn1.norm_k.weight	F32	2240
transformer_blocks.16.attn1.norm_q.weight	F32	2240
transformer_blocks.16.attn1.to_k.weight	F32	2240x2240
transformer_blocks.16.attn1.to_out.0.bias	F32	2240
transformer_blocks.16.attn1.to_out.0.weight	F32	2240x2240
transformer_blocks.16.attn1.to_q.weight	F32	2240x2240
transformer_blocks.16.attn1.to_v.weight	F32	2240x2240
transformer_blocks.16.attn2.norm_k.weight	F32	2240
transformer_blocks.16.attn2.norm_q.weight	F32	2240
transformer_blocks.16.attn2.to_k.bias	F32	2240
transformer_blocks.16.attn2.to_k.weight	F32	2240x2240
transformer_blocks.16.attn2.to_out.0.bias	F32	2240
transformer_blocks.16.attn2.to_out.0.weight	F32	2240x2240
transformer_blocks.16.attn2.to_q.bias	F32	2240
transformer_blocks.16.attn2.to_q.weight	F32	2240x2240
transformer_blocks.16.attn2.to_v.bias	F32	2240
transformer_blocks.16.attn2.to_v.weight	F32	2240x2240
transformer_blocks.16.ff.conv_depth.bias	F32	13440
transformer_blocks.16.ff.conv_depth.weight	F32	13440x1x3x3
transformer_blocks.16.ff.conv_inverted.bias	F32	13440
transformer_blocks.16.ff.conv_inverted.weight	F32	13440x2240x1x1
transformer_blocks.16.ff.conv_point.weight	F32	2240x6720x1x1
transformer_blocks.16.ff.conv_temp.weight	F32	2240x2240x3x1
transformer_blocks.16.scale_shift_table	F32	6x2240
transformer_blocks.17.attn1.norm_k.weight	F32	2240
transformer_blocks.17.attn1.norm_q.weight	F32	2240
transformer_blocks.17.attn1.to_k.weight	F32	2240x2240
transformer_blocks.17.attn1.to_out.0.bias	F32	2240
transformer_blocks.17.attn1.to_out.0.weight	F32	2240x2240
transformer_blocks.17.attn1.to_q.weight	F32	2240x2240
transformer_blocks.17.attn1.to_v.weight	F32	2240x2240
transformer_blocks.17.attn2.norm_k.weight	F32	2240
transformer_blocks.17.attn2.norm_q.weight	F32	2240
transformer_blocks.17.attn2.to_k.bias	F32	2240
transformer_blocks.17.attn2.to_k.weight	F32	2240x2240
transformer_blocks.17.attn2.to_out.0.bias	F32	2240
transformer_blocks.17.attn2.to_out.0.weight	F32	2240x2240
transformer_blocks.17.attn2.to_q.bias	F32	2240
transformer_blocks.17.attn2.to_q.weight	F32	2240x2240
transformer_blocks.17.attn2.to_v.bias	F32	2240
transformer_blocks.17.attn2.to_v.weight	F32	2240x2240
transformer_blocks.17.ff.conv_depth.bias	F32	13440
transformer_blocks.17.ff.conv_depth.weight	F32	13440x1x3x3
transformer_blocks.17.ff.conv_inverted.bias	F32	13440
transformer_blocks.17.ff.conv_inverted.weight	F32	13440x2240x1x1
transformer_blocks.17.ff.conv_point.weight	F32	2240x6720x1x1
transformer_blocks.17.ff.conv_temp.weight	F32	2240x2240x3x1
transformer_blocks.17.scale_shift_table	F32	6x2240
transformer_blocks.18.attn1.norm_k.weight	F32	2240
transformer_blocks.18.attn1.norm_q.weight	F32	2240
transformer_blocks.18.attn1.to_k.weight	F32	2240x2240
transformer_blocks.18.attn1.to_out.0.bias	F32	2240
transformer_blocks.18.attn1.to_out.0.weight	F32	2240x2240
transformer_blocks.18.attn1.to_q.weight	F32	2240x2240
transformer_blocks.18.attn1.to_v.weight	F32	2240x2240
transformer_blocks.18.attn2.norm_k.weight	F32	2240
transformer_blocks.18.attn2.norm_q.weight	F32	2240
transformer_blocks.18.attn2.to_k.bias	F32	2240
transformer_blocks.18.attn2.to_k.weight	F32	2240x2240
transformer_blocks.18.attn2.to_out.0.bias	F32	2240
transformer_blocks.18.attn2.to_out.0.weight	F32	2240x2240
transformer_blocks.18.attn2.to_q.bias	F32	2240
transformer_blocks.18.attn2.to_q.weight	F32	2240x2240
transformer_blocks.18.attn2.to_v.bias	F32	2240
transformer_blocks.18.attn2.to_v.weight	F32	2240x2240
transformer_blocks.18.ff.conv_depth.bias	F32	13440
transformer_blocks.18.ff.conv_depth.weight	F32	13440x1x3x3
transformer_blocks.18.ff.conv_inverted.bias	F32	13440
transformer_blocks.18.ff.conv_inverted.weight	F32	13440x2240x1x1
transformer_blocks.18.ff.conv_point.weight	F32	2240x6720x1x1
transformer_blocks.18.ff.conv_temp.weight	F32	2240x2240x3x1
transformer_blocks.18.scale_shift_table	F32	6x2240
transformer_blocks.19.attn1.norm_k.weight	F32	2240
transformer_blocks.19.attn1.norm_q.weight	F32	2240
transformer_blocks.19.attn1.to_k.weight	F32	2240x2240
transformer_blocks.19.attn1.to_out.0.bias	F32	2240
transformer_blocks.19.attn1.to_out.0.weight	F32	2240x2240
transformer_blocks.19.attn1.to_q.weight	F32	2240x2240
transformer_blocks.19.attn1.to_v.weight	F32	2240x2240
transformer_blocks.19.attn2.norm_k.weight	F32	2240
transformer_blocks.19.attn2.norm_q.weight	F32	2240
transformer_blocks.19.attn2.to_k.bias	F32	2240
transformer_blocks.19.attn2.to_k.weight	F32	2240x2240
transformer_blocks.19.attn2.to_out.0.bias	F32	2240
transformer_blocks.19.attn2.to_out.0.weight	F32	2240x2240
transformer_blocks.19.attn2.to_q.bias	F32	2240
transformer_blocks.19.attn2.to_q.weight	F32	2240x2240
transformer_blocks.19.attn2.to_v.bias	F32	2240
transformer_blocks.19.attn2.to_v.weight	F32	2240x2240
transformer_blocks.19.ff.conv_depth.bias	F32	13440
transformer_blocks.19.ff.conv_depth.weight	F32	13440x1x3x3
transformer_blocks.19.ff.conv_inverted.bias	F32	13440
transformer_blocks.19.ff.conv_inverted.weight	F32	13440x2240x1x1
transformer_blocks.19.ff.conv_point.weight	F32	2240x6720x1x1
transformer_blocks.19.ff.conv_temp.weight	F32	2240x2240x3x1
transformer_blocks.19.scale_shift_table	F32	6x2240
transformer_blocks.2.attn1.norm_k.weight	F32	2240
transformer_blocks.2.attn1.norm_q.weight	F32	2240
transformer_blocks.2.attn1.to_k.weight	F32	2240x2240
transformer_blocks.2.attn1.to_out.0.bias	F32	2240
transformer_blocks.2.attn1.to_out.0.weight	F32	2240x2240
transformer_blocks.2.attn1.to_q.weight	F32	2240x2240
transformer_blocks.2.attn1.to_v.weight	F32	2240x2240
transformer_blocks.2.attn2.norm_k.weight	F32	2240
transformer_blocks.2.attn2.norm_q.weight	F32	2240
transformer_blocks.2.attn2.to_k.bias	F32	2240
transformer_blocks.2.attn2.to_k.weight	F32	2240x2240
transformer_blocks.2.attn2.to_out.0.bias	F32	2240
transformer_blocks.2.attn2.to_out.0.weight	F32	2240x2240
transformer_blocks.2.attn2.to_q.bias	F32	2240
transformer_blocks.2.attn2.to_q.weight	F32	2240x2240
transformer_blocks.2.attn2.to_v.bias	F32	2240
transformer_blocks.2.attn2.to_v.weight	F32	2240x2240
transformer_blocks.2.ff.conv_depth.bias	F32	13440
transformer_blocks.2.ff.conv_depth.weight	F32	13440x1x3x3
transformer_blocks.2.ff.conv_inverted.bias	F32	13440
transformer_blocks.2.ff.conv_inverted.weight	F32	13440x2240x1x1
transformer_blocks.2.ff.conv_point.weight	F32	2240x6720x1x1
transformer_blocks.2.ff.conv_temp.weight	F32	2240x2240x3x1
transformer_blocks.2.scale_shift_table	F32	6x2240
transformer_blocks.3.attn1.norm_k.weight	F32	2240
transformer_blocks.3.attn1.norm_q.weight	F32	2240
transformer_blocks.3.attn1.to_k.weight	F32	2240x2240
transformer_blocks.3.attn1.to_out.0.bias	F32	2240
transformer_blocks.3.attn1.to_out.0.weight	F32	2240x2240
transformer_blocks.3.attn1.to_q.weight	F32	2240x2240
transformer_blocks.3.attn1.to_v.weight	F32	2240x2240
transformer_blocks.3.attn2.norm_k.weight	F32	2240
transformer_blocks.3.attn2.norm_q.weight	F32	2240
transformer_blocks.3.attn2.to_k.bias	F32	2240
transformer_blocks.3.attn2.to_k.weight	F32	2240x2240
transformer_blocks.3.attn2.to_out.0.bias	F32	2240
transformer_blocks.3.attn2.to_out.0.weight	F32	2240x2240
transformer_blocks.3.attn2.to_q.bias	F32	2240
transformer_blocks.3.attn2.to_q.weight	F32	2240x2240
transformer_blocks.3.attn2.to_v.bias	F32	2240
transformer_blocks.3.attn2.to_v.weight	F32	2240x2240
transformer_blocks.3.ff.conv_depth.bias	F32	13440
transformer_blocks.3.ff.conv_depth.weight	F32	13440x1x3x3
transformer_blocks.3.ff.conv_inverted.bias	F32	13440
transformer_blocks.3.ff.conv_inverted.weight	F32	13440x2240x1x1
transformer_blocks.3.ff.conv_point.weight	F32	2240x6720x1x1
transformer_blocks.3.ff.conv_temp.weight	F32	2240x2240x3x1
transformer_blocks.3.scale_shift_table	F32	6x2240
transformer_blocks.4.attn1.norm_k.weight	F32	2240
transformer_blocks.4.attn1.norm_q.weight	F32	2240
transformer_blocks.4.attn1.to_k.weight	F32	2240x2240
transformer_blocks.4.attn1.to_out.0.bias	F32	2240
transformer_blocks.4.attn1.to_out.0.weight	F32	2240x2240
transformer_blocks.4.attn1.to_q.weight	F32	2240x2240
transformer_blocks.4.attn1.to_v.weight	F32	2240x2240
transformer_blocks.4.attn2.norm_k.weight	F32	2240
transformer_blocks.4.attn2.norm_q.weight	F32	2240
transformer_blocks.4.attn2.to_k.bias	F32	2240
transformer_blocks.4.attn2.to_k.weight	F32	2240x2240
transformer_blocks.4.attn2.to_out.0.bias	F32	2240
transformer_blocks.4.attn2.to_out.0.weight	F32	2240x2240
transformer_blocks.4.attn2.to_q.bias	F32	2240
transformer_blocks.4.attn2.to_q.weight	F32	2240x2240
transformer_blocks.4.attn2.to_v.bias	F32	2240
transformer_blocks.4.attn2.to_v.weight	F32	2240x2240
transformer_blocks.4.ff.conv_depth.bias	F32	13440
transformer_blocks.4.ff.conv_depth.weight	F32	13440x1x3x3
transformer_blocks.4.ff.conv_inverted.bias	F32	13440
transformer_blocks.4.ff.conv_inverted.weight	F32	13440x2240x1x1
transformer_blocks.4.ff.conv_point.weight	F32	2240x6720x1x1
transformer_blocks.4.ff.conv_temp.weight	F32	2240x2240x3x1
transformer_blocks.4.scale_shift_table	F32	6x2240
transformer_blocks.5.attn1.norm_k.weight	F32	2240
transformer_blocks.5.attn1.norm_q.weight	F32	2240
transformer_blocks.5.attn1.to_k.weight	F32	2240x2240
transformer_blocks.5.attn1.to_out.0.bias	F32	2240
transformer_blocks.5.attn1.to_out.0.weight	F32	2240x2240
transformer_blocks.5.attn1.to_q.weight	F32	2240x2240
transformer_blocks.5.attn1.to_v.weight	F32	2240x2240
transformer_blocks.5.attn2.norm_k.weight	F32	2240
transformer_blocks.5.attn2.norm_q.weight	F32	2240
transformer_blocks.5.attn2.to_k.bias	F32	2240
transformer_blocks.5.attn2.to_k.weight	F32	2240x2240
transformer_blocks.5.attn2.to_out.0.bias	F32	2240
transformer_blocks.5.attn2.to_out.0.weight	F32	2240x2240
transformer_blocks.5.attn2.to_q.bias	F32	2240
transformer_blocks.5.attn2.to_q.weight	F32	2240x2240
transformer_blocks.5.attn2.to_v.bias	F32	2240
transformer_blocks.5.attn2.to_v.weight	F32	2240x2240
transformer_blocks.5.ff.conv_depth.bias	F32	13440
transformer_blocks.5.ff.conv_depth.weight	F32	13440x1x3x3
transformer_blocks.5.ff.conv_inverted.bias	F32	13440
transformer_blocks.5.ff.conv_inverted.weight	F32	13440x2240x1x1
transformer_blocks.5.ff.conv_point.weight	F32	2240x6720x1x1
transformer_blocks.5.ff.conv_temp.weight	F32	2240x2240x3x1
transformer_blocks.5.scale_shift_table	F32	6x2240
transformer_blocks.6.attn1.norm_k.weight	F32	2240
transformer_blocks.6.attn1.norm_q.weight	F32	2240
transformer_blocks.6.attn1.to_k.weight	F32	2240x2240
transformer_blocks.6.attn1.to_out.0.bias	F32	2240
transformer_blocks.6.attn1.to_out.0.weight	F32	2240x2240
transformer_blocks.6.attn1.to_q.weight	F32	2240x2240
transformer_blocks.6.attn1.to_v.weight	F32	2240x2240
transformer_blocks.6.attn2.norm_k.weight	F32	2240
transformer_blocks.6.attn2.norm_q.weight	F32	2240
transformer_blocks.6.attn2.to_k.bias	F32	2240
transformer_blocks.6.attn2.to_k.weight	F32	2240x2240
transformer_blocks.6.attn2.to_out.0.bias	F32	2240
transformer_blocks.6.attn2.to_out.0.weight	F32	2240x2240
transformer_blocks.6.attn2.to_q.bias	F32	2240
transformer_blocks.6.attn2.to_q.weight	F32	2240x2240
transformer_blocks.6.attn2.to_v.bias	F32	2240
transformer_blocks.6.attn2.to_v.weight	F32	2240x2240
transformer_blocks.6.ff.conv_depth.bias	F32	13440
transformer_blocks.6.ff.conv_depth.weight	F32	13440x1x3x3
transformer_blocks.6.ff.conv_inverted.bias	F32	13440
transformer_blocks.6.ff.conv_inverted.weight	F32	13440x2240x1x1
transformer_blocks.6.ff.conv_point.weight	F32	2240x6720x1x1
transformer_blocks.6.ff.conv_temp.weight	F32	2240x2240x3x1
transformer_blocks.6.scale_shift_table	F32	6x2240
transformer_blocks.7.attn1.norm_k.weight	F32	2240
transformer_blocks.7.attn1.norm_q.weight	F32	2240
transformer_blocks.7.attn1.to_k.weight	F32	2240x2240
transformer_blocks.7.attn1.to_out.0.bias	F32	2240
transformer_blocks.7.attn1.to_out.0.weight	F32	2240x2240
transformer_blocks.7.attn1.to_q.weight	F32	2240x2240
transformer_blocks.7.attn1.to_v.weight	F32	2240x2240
transformer_blocks.7.attn2.norm_k.weight	F32	2240
transformer_blocks.7.attn2.norm_q.weight	F32	2240
transformer_blocks.7.attn2.to_k.bias	F32	2240
transformer_blocks.7.attn2.to_k.weight	F32	2240x2240
transformer_blocks.7.attn2.to_out.0.bias	F32	2240
transformer_blocks.7.attn2.to_out.0.weight	F32	2240x2240
transformer_blocks.7.attn2.to_q.bias	F32	2240
transformer_blocks.7.attn2.to_q.weight	F32	2240x2240
transformer_blocks.7.attn2.to_v.bias	F32	2240
transformer_blocks.7.attn2.to_v.weight	F32	2240x2240
transformer_blocks.7.ff.conv_depth.bias	F32	13440
transformer_blocks.7.ff.conv_depth.weight	F32	13440x1x3x3
transformer_blocks.7.ff.conv_inverted.bias	F32	13440
transformer_blocks.7.ff.conv_inverted.weight	F32	13440x2240x1x1
transformer_blocks.7.ff.conv_point.weight	F32	2240x6720x1x1
transformer_blocks.7.ff.conv_temp.weight	F32	2240x2240x3x1
transformer_blocks.7.scale_shift_table	F32	6x2240
transformer_blocks.8.attn1.norm_k.weight	F32	2240
transformer_blocks.8.attn1.norm_q.weight	F32	2240
transformer_blocks.8.attn1.to_k.weight	F32	2240x2240
transformer_blocks.8.attn1.to_out.0.bias	F32	2240
transformer_blocks.8.attn1.to_out.0.weight	F32	2240x2240
transformer_blocks.8.attn1.to_q.weight	F32	2240x2240
transformer_blocks.8.attn1.to_v.weight	F32	2240x2240
transformer_blocks.8.attn2.norm_k.weight	F32	2240
transformer_blocks.8.attn2.norm_q.weight	F32	2240
transformer_blocks.8.attn2.to_k.bias	F32	2240
transformer_blocks.8.attn2.to_k.weight	F32	2240x2240
transformer_blocks.8.attn2.to_out.0.bias	F32	2240
transformer_blocks.8.attn2.to_out.0.weight	F32	2240x2240
transformer_blocks.8.attn2.to_q.bias	F32	2240
transformer_blocks.8.attn2.to_q.weight	F32	2240x2240
transformer_blocks.8.attn2.to_v.bias	F32	2240
transformer_blocks.8.attn2.to_v.weight	F32	2240x2240
transformer_blocks.8.ff.conv_depth.bias	F32	13440
transformer_blocks.8.ff.conv_depth.weight	F32	13440x1x3x3
transformer_blocks.8.ff.conv_inverted.bias	F32	13440
transformer_blocks.8.ff.conv_inverted.weight	F32	13440x2240x1x1
transformer_blocks.8.ff.conv_point.weight	F32	2240x6720x1x1
transformer_blocks.8.ff.conv_temp.weight	F32	2240x2240x3x1
transformer_blocks.8.scale_shift_table	F32	6x2240
transformer_blocks.9.attn1.norm_k.weight	F32	2240
transformer_blocks.9.attn1.norm_q.weight	F32	2240
transformer_blocks.9.attn1.to_k.weight	F32	2240x2240
transformer_blocks.9.attn1.to_out.0.bias	F32	2240
transformer_blocks.9.attn1.to_out.0.weight	F32	2240x2240
transformer_blocks.9.attn1.to_q.weight	F32	2240x2240
transformer_blocks.9.attn1.to_v.weight	F32	2240x2240
transformer_blocks.9.attn2.norm_k.weight	F32	2240
transformer_blocks.9.attn2.norm_q.weight	F32	2240
transformer_blocks.9.attn2.to_k.bias	F32	2240
transformer_blocks.9.attn2.to_k.weight	F32	2240x2240
transformer_blocks.9.attn2.to_out.0.bias	F32	2240
transformer_blocks.9.attn2.to_out.0.weight	F32	2240x2240
transformer_blocks.9.attn2.to_q.bias	F32	2240
transformer_blocks.9.attn2.to_q.weight	F32	2240x2240
transformer_blocks.9.attn2.to_v.bias	F32	2240
transformer_blocks.9.attn2.to_v.weight	F32	2240x2240
transformer_blocks.9.ff.conv_depth.bias	F32	13440
transformer_blocks.9.ff.conv_depth.weight	F32	13440x1x3x3
transformer_blocks.9.ff.conv_inverted.bias	F32	13440
transformer_blocks.9.ff.conv_inverted.weight	F32	13440x2240x1x1
transformer_blocks.9.ff.conv_point.weight	F32	2240x6720x1x1
transformer_blocks.9.ff.conv_temp.weight	F32	2240x2240x3x1
transformer_blocks.9.scale_shift_table	F32	6x2240
