embed_tokens.weight	BF16	256000x2304
layers.0.input_layernorm.weight	BF16	2304
layers.0.mlp.down_proj.weight	BF16	2304x9216
layers.0.mlp.gate_proj.weight	BF16	9216x2304
layers.0.mlp.up_proj.weight	BF16	9216x2304
layers.0.post_attention_layernorm.weight	BF16	2304
layers.0.post_feedforward_layernorm.weight	BF16	2304
layers.0.pre_feedforward_layernorm.weight	BF16	2304
layers.0.self_attn.k_proj.weight	BF16	1024x2304
layers.0.self_attn.o_proj.weight	BF16	2304x2048
layers.0.self_attn.q_proj.weight	BF16	2048x2304
layers.0.self_attn.v_proj.weight	BF16	1024x2304
layers.1.input_layernorm.weight	BF16	2304
layers.1.mlp.down_proj.weight	BF16	2304x9216
layers.1.mlp.gate_proj.weight	BF16	9216x2304
layers.1.mlp.up_proj.weight	BF16	9216x2304
layers.1.post_attention_layernorm.weight	BF16	2304
layers.1.post_feedforward_layernorm.weight	BF16	2304
layers.1.pre_feedforward_layernorm.weight	BF16	2304
layers.1.self_attn.k_proj.weight	BF16	1024x2304
layers.1.self_attn.o_proj.weight	BF16	2304x2048
layers.1.self_attn.q_proj.weight	BF16	2048x2304
layers.1.self_attn.v_proj.weight	BF16	1024x2304
layers.10.input_layernorm.weight	BF16	2304
layers.10.mlp.down_proj.weight	BF16	2304x9216
layers.10.mlp.gate_proj.weight	BF16	9216x2304
layers.10.mlp.up_proj.weight	BF16	9216x2304
layers.10.post_attention_layernorm.weight	BF16	2304
layers.10.post_feedforward_layernorm.weight	BF16	2304
layers.10.pre_feedforward_layernorm.weight	BF16	2304
layers.10.self_attn.k_proj.weight	BF16	1024x2304
layers.10.self_attn.o_proj.weight	BF16	2304x2048
layers.10.self_attn.q_proj.weight	BF16	2048x2304
layers.10.self_attn.v_proj.weight	BF16	1024x2304
layers.11.input_layernorm.weight	BF16	2304
layers.11.mlp.down_proj.weight	BF16	2304x9216
layers.11.mlp.gate_proj.weight	BF16	9216x2304
layers.11.mlp.up_proj.weight	BF16	9216x2304
layers.11.post_attention_layernorm.weight	BF16	2304
layers.11.post_feedforward_layernorm.weight	BF16	2304
layers.11.pre_feedforward_layernorm.weight	BF16	2304
layers.11.self_attn.k_proj.weight	BF16	1024x2304
layers.11.self_attn.o_proj.weight	BF16	2304x2048
layers.11.self_attn.q_proj.weight	BF16	2048x2304
layers.11.self_attn.v_proj.weight	BF16	1024x2304
layers.12.input_layernorm.weight	BF16	2304
layers.12.mlp.down_proj.weight	BF16	2304x9216
layers.12.mlp.gate_proj.weight	BF16	9216x2304
layers.12.mlp.up_proj.weight	BF16	9216x2304
layers.12.post_attention_layernorm.weight	BF16	2304
layers.12.post_feedforward_layernorm.weight	BF16	2304
layers.12.pre_feedforward_layernorm.weight	BF16	2304
layers.12.self_attn.k_proj.weight	BF16	1024x2304
layers.12.self_attn.o_proj.weight	BF16	2304x2048
layers.12.self_attn.q_proj.weight	BF16	2048x2304
layers.12.self_attn.v_proj.weight	BF16	1024x2304
layers.13.input_layernorm.weight	BF16	2304
layers.13.mlp.down_proj.weight	BF16	2304x9216
layers.13.mlp.gate_proj.weight	BF16	9216x2304
layers.13.mlp.up_proj.weight	BF16	9216x2304
layers.13.post_attention_layernorm.weight	BF16	2304
layers.13.post_feedforward_layernorm.weight	BF16	2304
layers.13.pre_feedforward_layernorm.weight	BF16	2304
layers.13.self_attn.k_proj.weight	BF16	1024x2304
layers.13.self_attn.o_proj.weight	BF16	2304x2048
layers.13.self_attn.q_proj.weight	BF16	2048x2304
layers.13.self_attn.v_proj.weight	BF16	1024x2304
layers.14.input_layernorm.weight	BF16	2304
layers.14.mlp.down_proj.weight	BF16	2304x9216
layers.14.mlp.gate_proj.weight	BF16	9216x2304
layers.14.mlp.up_proj.weight	BF16	9216x2304
layers.14.post_attention_layernorm.weight	BF16	2304
layers.14.post_feedforward_layernorm.weight	BF16	2304
layers.14.pre_feedforward_layernorm.weight	BF16	2304
layers.14.self_attn.k_proj.weight	BF16	1024x2304
layers.14.self_attn.o_proj.weight	BF16	2304x2048
layers.14.self_attn.q_proj.weight	BF16	2048x2304
layers.14.self_attn.v_proj.weight	BF16	1024x2304
layers.15.input_layernorm.weight	BF16	2304
layers.15.mlp.down_proj.weight	BF16	2304x9216
layers.15.mlp.gate_proj.weight	BF16	9216x2304
layers.15.mlp.up_proj.weight	BF16	9216x2304
layers.15.post_attention_layernorm.weight	BF16	2304
layers.15.post_feedforward_layernorm.weight	BF16	2304
layers.15.pre_feedforward_layernorm.weight	BF16	2304
layers.15.self_attn.k_proj.weight	BF16	1024x2304
layers.15.self_attn.o_proj.weight	BF16	2304x2048
layers.15.self_attn.q_proj.weight	BF16	2048x2304
layers.15.self_attn.v_proj.weight	BF16	1024x2304
layers.16.input_layernorm.weight	BF16	2304
layers.16.mlp.down_proj.weight	BF16	2304x9216
layers.16.mlp.gate_proj.weight	BF16	9216x2304
layers.16.mlp.up_proj.weight	BF16	9216x2304
layers.16.post_attention_layernorm.weight	BF16	2304
layers.16.post_feedforward_layernorm.weight	BF16	2304
layers.16.pre_feedforward_layernorm.weight	BF16	2304
layers.16.self_attn.k_proj.weight	BF16	1024x2304
layers.16.self_attn.o_proj.weight	BF16	2304x2048
layers.16.self_attn.q_proj.weight	BF16	2048x2304
layers.16.self_attn.v_proj.weight	BF16	1024x2304
layers.17.input_layernorm.weight	BF16	2304
layers.17.mlp.down_proj.weight	BF16	2304x9216
layers.17.mlp.gate_proj.weight	BF16	9216x2304
layers.17.mlp.up_proj.weight	BF16	9216x2304
layers.17.post_attention_layernorm.weight	BF16	2304
layers.17.post_feedforward_layernorm.weight	BF16	2304
layers.17.pre_feedforward_layernorm.weight	BF16	2304
layers.17.self_attn.k_proj.weight	BF16	1024x2304
layers.17.self_attn.o_proj.weight	BF16	2304x2048
layers.17.self_attn.q_proj.weight	BF16	2048x2304
layers.17.self_attn.v_proj.weight	BF16	1024x2304
layers.18.input_layernorm.weight	BF16	2304
layers.18.mlp.down_proj.weight	BF16	2304x9216
layers.18.mlp.gate_proj.weight	BF16	9216x2304
layers.18.mlp.up_proj.weight	BF16	9216x2304
layers.18.post_attention_layernorm.weight	BF16	2304
layers.18.post_feedforward_layernorm.weight	BF16	2304
layers.18.pre_feedforward_layernorm.weight	BF16	2304
layers.18.self_attn.k_proj.weight	BF16	1024x2304
layers.18.self_attn.o_proj.weight	BF16	2304x2048
layers.18.self_attn.q_proj.weight	BF16	2048x2304
layers.18.self_attn.v_proj.weight	BF16	1024x2304
layers.19.input_layernorm.weight	BF16	2304
layers.19.mlp.down_proj.weight	BF16	2304x9216
layers.19.mlp.gate_proj.weight	BF16	9216x2304
layers.19.mlp.up_proj.weight	BF16	9216x2304
layers.19.post_attention_layernorm.weight	BF16	2304
layers.19.post_feedforward_layernorm.weight	BF16	2304
layers.19.pre_feedforward_layernorm.weight	BF16	2304
layers.19.self_attn.k_proj.weight	BF16	1024x2304
layers.19.self_attn.o_proj.weight	BF16	2304x2048
layers.19.self_attn.q_proj.weight	BF16	2048x2304
layers.19.self_attn.v_proj.weight	BF16	1024x2304
layers.2.input_layernorm.weight	BF16	2304
layers.2.mlp.down_proj.weight	BF16	2304x9216
layers.2.mlp.gate_proj.weight	BF16	9216x2304
layers.2.mlp.up_proj.weight	BF16	9216x2304
layers.2.post_attention_layernorm.weight	BF16	2304
layers.2.post_feedforward_layernorm.weight	BF16	2304
layers.2.pre_feedforward_layernorm.weight	BF16	2304
layers.2.self_attn.k_proj.weight	BF16	1024x2304
layers.2.self_attn.o_proj.weight	BF16	2304x2048
layers.2.self_attn.q_proj.weight	BF16	2048x2304
layers.2.self_attn.v_proj.weight	BF16	1024x2304
layers.20.input_layernorm.weight	BF16	2304
layers.20.mlp.down_proj.weight	BF16	2304x9216
layers.20.mlp.gate_proj.weight	BF16	9216x2304
layers.20.mlp.up_proj.weight	BF16	9216x2304
layers.20.post_attention_layernorm.weight	BF16	2304
layers.20.post_feedforward_layernorm.weight	BF16	2304
layers.20.pre_feedforward_layernorm.weight	BF16	2304
layers.20.self_attn.k_proj.weight	BF16	1024x2304
layers.20.self_attn.o_proj.weight	BF16	2304x2048
layers.20.self_attn.q_proj.weight	BF16	2048x2304
layers.20.self_attn.v_proj.weight	BF16	1024x2304
layers.21.input_layernorm.weight	BF16	2304
layers.21.mlp.down_proj.weight	BF16	2304x9216
layers.21.mlp.gate_proj.weight	BF16	9216x2304
layers.21.mlp.up_proj.weight	BF16	9216x2304
layers.21.post_attention_layernorm.weight	BF16	2304
layers.21.post_feedforward_layernorm.weight	BF16	2304
layers.21.pre_feedforward_layernorm.weight	BF16	2304
layers.21.self_attn.k_proj.weight	BF16	1024x2304
layers.21.self_attn.o_proj.weight	BF16	2304x2048
layers.21.self_attn.q_proj.weight	BF16	2048x2304
layers.21.self_attn.v_proj.weight	BF16	1024x2304
layers.22.input_layernorm.weight	BF16	2304
layers.22.mlp.down_proj.weight	BF16	2304x9216
layers.22.mlp.gate_proj.weight	BF16	9216x2304
layers.22.mlp.up_proj.weight	BF16	9216x2304
layers.22.post_attention_layernorm.weight	BF16	2304
layers.22.post_feedforward_layernorm.weight	BF16	2304
layers.22.pre_feedforward_layernorm.weight	BF16	2304
layers.22.self_attn.k_proj.weight	BF16	1024x2304
layers.22.self_attn.o_proj.weight	BF16	2304x2048
layers.22.self_attn.q_proj.weight	BF16	2048x2304
layers.22.self_attn.v_proj.weight	BF16	1024x2304
layers.23.input_layernorm.weight	BF16	2304
layers.23.mlp.down_proj.weight	BF16	2304x9216
layers.23.mlp.gate_proj.weight	BF16	9216x2304
layers.23.mlp.up_proj.weight	BF16	9216x2304
layers.23.post_attention_layernorm.weight	BF16	2304
layers.23.post_feedforward_layernorm.weight	BF16	2304
layers.23.pre_feedforward_layernorm.weight	BF16	2304
layers.23.self_attn.k_proj.weight	BF16	1024x2304
layers.23.self_attn.o_proj.weight	BF16	2304x2048
layers.23.self_attn.q_proj.weight	BF16	2048x2304
layers.23.self_attn.v_proj.weight	BF16	1024x2304
layers.24.input_layernorm.weight	BF16	2304
layers.24.mlp.down_proj.weight	BF16	2304x9216
layers.24.mlp.gate_proj.weight	BF16	9216x2304
layers.24.mlp.up_proj.weight	BF16	9216x2304
layers.24.post_attention_layernorm.weight	BF16	2304
layers.24.post_feedforward_layernorm.weight	BF16	2304
layers.24.pre_feedforward_layernorm.weight	BF16	2304
layers.24.self_attn.k_proj.weight	BF16	1024x2304
layers.24.self_attn.o_proj.weight	BF16	2304x2048
layers.24.self_attn.q_proj.weight	BF16	2048x2304
layers.24.self_attn.v_proj.weight	BF16	1024x2304
layers.25.input_layernorm.weight	BF16	2304
layers.25.mlp.down_proj.weight	BF16	2304x9216
layers.25.mlp.gate_proj.weight	BF16	9216x2304
layers.25.mlp.up_proj.weight	BF16	9216x2304
layers.25.post_attention_layernorm.weight	BF16	2304
layers.25.post_feedforward_layernorm.weight	BF16	2304
layers.25.pre_feedforward_layernorm.weight	BF16	2304
layers.25.self_attn.k_proj.weight	BF16	1024x2304
layers.25.self_attn.o_proj.weight	BF16	2304x2048
layers.25.self_attn.q_proj.weight	BF16	2048x2304
layers.25.self_attn.v_proj.weight	BF16	1024x2304
layers.3.input_layernorm.weight	BF16	2304
layers.3.mlp.down_proj.weight	BF16	2304x9216
layers.3.mlp.gate_proj.weight	BF16	9216x2304
layers.3.mlp.up_proj.weight	BF16	9216x2304
layers.3.post_attention_layernorm.weight	BF16	2304
layers.3.post_feedforward_layernorm.weight	BF16	2304
layers.3.pre_feedforward_layernorm.weight	BF16	2304
layers.3.self_attn.k_proj.weight	BF16	1024x2304
layers.3.self_attn.o_proj.weight	BF16	2304x2048
layers.3.self_attn.q_proj.weight	BF16	2048x2304
layers.3.self_attn.v_proj.weight	BF16	1024x2304
layers.4.input_layernorm.weight	BF16	2304
layers.4.mlp.down_proj.weight	BF16	2304x9216
layers.4.mlp.gate_proj.weight	BF16	9216x2304
layers.4.mlp.up_proj.weight	BF16	9216x2304
layers.4.post_attention_layernorm.weight	BF16	2304
layers.4.post_feedforward_layernorm.weight	BF16	2304
layers.4.pre_feedforward_layernorm.weight	BF16	2304
layers.4.self_attn.k_proj.weight	BF16	1024x2304
layers.4.self_attn.o_proj.weight	BF16	2304x2048
layers.4.self_attn.q_proj.weight	BF16	2048x2304
layers.4.self_attn.v_proj.weight	BF16	1024x2304
layers.5.input_layernorm.weight	BF16	2304
layers.5.mlp.down_proj.weight	BF16	2304x9216
layers.5.mlp.gate_proj.weight	BF16	9216x2304
layers.5.mlp.up_proj.weight	BF16	9216x2304
layers.5.post_attention_layernorm.weight	BF16	2304
layers.5.post_feedforward_layernorm.weight	BF16	2304
layers.5.pre_feedforward_layernorm.weight	BF16	2304
layers.5.self_attn.k_proj.weight	BF16	1024x2304
layers.5.self_attn.o_proj.weight	BF16	2304x2048
layers.5.self_attn.q_proj.weight	BF16	2048x2304
layers.5.self_attn.v_proj.weight	BF16	1024x2304
layers.6.input_layernorm.weight	BF16	2304
layers.6.mlp.down_proj.weight	BF16	2304x9216
layers.6.mlp.gate_proj.weight	BF16	9216x2304
layers.6.mlp.up_proj.weight	BF16	9216x2304
layers.6.post_attention_layernorm.weight	BF16	2304
layers.6.post_feedforward_layernorm.weight	BF16	2304
layers.6.pre_feedforward_layernorm.weight	BF16	2304
layers.6.self_attn.k_proj.weight	BF16	1024x2304
layers.6.self_attn.o_proj.weight	BF16	2304x2048
layers.6.self_attn.q_proj.weight	BF16	2048x2304
layers.6.self_attn.v_proj.weight	BF16	1024x2304
layers.7.input_layernorm.weight	BF16	2304
layers.7.mlp.down_proj.weight	BF16	2304x9216
layers.7.mlp.gate_proj.weight	BF16	9216x2304
layers.7.mlp.up_proj.weight	BF16	9216x2304
layers.7.post_attention_layernorm.weight	BF16	2304
layers.7.post_feedforward_layernorm.weight	BF16	2304
layers.7.pre_feedforward_layernorm.weight	BF16	2304
layers.7.self_attn.k_proj.weight	BF16	1024x2304
layers.7.self_attn.o_proj.weight	BF16	2304x2048
layers.7.self_attn.q_proj.weight	BF16	2048x2304
layers.7.self_attn.v_proj.weight	BF16	1024x2304
layers.8.input_layernorm.weight	BF16	2304
layers.8.mlp.down_proj.weight	BF16	2304x9216
layers.8.mlp.gate_proj.weight	BF16	9216x2304
layers.8.mlp.up_proj.weight	BF16	9216x2304
layers.8.post_attention_layernorm.weight	BF16	2304
layers.8.post_feedforward_layernorm.weight	BF16	2304
layers.8.pre_feedforward_layernorm.weight	BF16	2304
layers.8.self_attn.k_proj.weight	BF16	1024x2304
layers.8.self_attn.o_proj.weight	BF16	2304x2048
layers.8.self_attn.q_proj.weight	BF16	2048x2304
layers.8.self_attn.v_proj.weight	BF16	1024x2304
layers.9.input_layernorm.weight	BF16	2304
layers.9.mlp.down_proj.weight	BF16	2304x9216
layers.9.mlp.gate_proj.weight	BF16	9216x2304
layers.9.mlp.up_proj.weight	BF16	9216x2304
layers.9.post_attention_layernorm.weight	BF16	2304
layers.9.post_feedforward_layernorm.weight	BF16	2304
layers.9.pre_feedforward_layernorm.weight	BF16	2304
layers.9.self_attn.k_proj.weight	BF16	1024x2304
layers.9.self_attn.o_proj.weight	BF16	2304x2048
layers.9.self_attn.q_proj.weight	BF16	2048x2304
layers.9.self_attn.v_proj.weight	BF16	1024x2304
norm.weight	BF16	2304
