2026/09/28 19:00:42.048, 12669 MiB, 0 %
2026/09/28 19:00:47.058, 25705 MiB, 100 %
2026/09/28 19:00:52.059, 26163 MiB, 100 %
2026/09/28 19:00:57.060, 26163 MiB, 0 %
2026/09/28 19:01:02.061, 26227 MiB, 100 %
2026/09/28 19:01:07.062, 26227 MiB, 100 %
2026/09/28 19:01:12.063, 26227 MiB, 0 %
2026/09/28 19:01:17.064, 26227 MiB, 100 %
2026/09/28 19:01:22.065, 26227 MiB, 100 %
2026/09/28 19:01:27.066, 26227 MiB, 0 %
2026/09/28 19:01:32.067, 26227 MiB, 99 %
2026/09/28 19:01:37.068, 26227 MiB, 100 %
2026/09/28 19:01:42.069, 26227 MiB, 0 %
2026/09/28 19:01:47.070, 26227 MiB, 99 %
2026/09/28 19:01:52.071, 26227 MiB, 100 %
2026/09/28 19:01:57.072, 26227 MiB, 0 %
2026/09/28 19:02:02.073, 26227 MiB, 100 %
2026/09/28 19:02:07.074, 26227 MiB, 100 %
2026/09/28 19:02:12.075, 26227 MiB, 0 %
2026/09/28 19:02:17.076, 26227 MiB, 99 %
2026/09/28 19:02:22.077, 26227 MiB, 100 %
2026/09/28 19:02:27.078, 26227 MiB, 0 %
2026/09/28 19:02:32.079, 26227 MiB, 99 %
2026/09/28 19:02:37.080, 26227 MiB, 100 %
2026/09/28 19:02:42.081, 26227 MiB, 0 %
2026/09/28 19:02:47.082, 26227 MiB, 100 %
2026/09/28 19:02:52.083, 26771 MiB, 100 %
2026/09/28 19:02:57.084, 26771 MiB, 0 %
2026/09/28 19:03:02.085, 26771 MiB, 99 %
2026/09/28 19:03:07.086, 26771 MiB, 100 %
2026/09/28 19:03:12.087, 26771 MiB, 0 %
2026/09/28 19:03:17.088, 26771 MiB, 100 %
2026/09/28 19:03:22.089, 26771 MiB, 100 %
2026/09/28 19:03:27.089, 26771 MiB, 0 %
2026/09/28 19:03:32.091, 26771 MiB, 99 %
2026/09/28 19:03:37.091, 26771 MiB, 100 %
2026/09/28 19:03:42.092, 26771 MiB, 0 %
2026/09/28 19:03:47.093, 26771 MiB, 100 %
2026/09/28 19:03:52.095, 26259 MiB, 0 %
2026/09/28 19:03:57.095, 26259 MiB, 0 %
2026/09/28 19:04:02.096, 26259 MiB, 0 %
2026/09/28 19:04:07.097, 26259 MiB, 0 %
2026/09/28 19:04:12.098, 26259 MiB, 0 %
